gene_id	chromosome	start	end	strand
GLYMA_01G001100	1	208102	212611	+
GLYMA_01G003100	1	370186	371789	+
GLYMA_01G005500	1	547479	548595	+
GLYMA_01G011400	1	1088742	1088881	+
GLYMA_01G012700	1	1211968	1212095	+
GLYMA_01G013600	1	1307877	1311147	-
GLYMA_01G016200	1	1554167	1554874	-
GLYMA_01G017800	1	1723018	1723121	+
GLYMA_01G019700	1	1941536	1941656	-
GLYMA_01G025000	1	2559089	2559374	-
GLYMA_01G025500	1	2701706	2701792	-
GLYMA_01G027600	1	2886295	2886396	-
GLYMA_01G029700	1	3141233	3141361	-
GLYMA_01G031400	1	3265220	3266383	+
GLYMA_01G032800	1	3440464	3440752	+
GLYMA_01G033400	1	3504863	3505445	+
GLYMA_01G038200	1	4045241	4045386	-
GLYMA_01G042800	1	4673752	4674263	-
GLYMA_01G045300	1	5134881	5135039	+
GLYMA_01G045800	1	5281116	5281283	-
GLYMA_01G046200	1	5329900	5330523	-
GLYMA_01G048600	1	5669191	5669657	-
GLYMA_01G049600	1	5815577	5815774	-
GLYMA_01G053400	1	6755356	6757915	+
GLYMA_01G054000	1	6957064	6957579	-
GLYMA_01G054300	1	6998244	6999348	+
GLYMA_01G055700	1	7213152	7213254	-
GLYMA_01G061900	1	8562208	8562281	+
GLYMA_01G064400	1	9630136	9630264	-
GLYMA_01G079600	1	21211061	21211458	-
GLYMA_01G082700	1	24096131	24096504	+
GLYMA_01G088500	1	26853380	26854369	-
GLYMA_01G089200	1	27012644	27012723	+
GLYMA_01G089900	1	27180358	27181607	-
GLYMA_01G090100	1	27238450	27239510	+
GLYMA_01G099000	1	32999046	32999417	+
GLYMA_01G112700	1	38402560	38402667	+
GLYMA_01G117200	1	40497888	40498363	-
GLYMA_01G119100	1	40904992	40905526	-
GLYMA_01G122300	1	42018748	42019343	-
GLYMA_01G130400	1	44553002	44553148	-
GLYMA_01G141100	1	47119021	47119434	+
GLYMA_01G145700	1	48067074	48068295	-
GLYMA_01G148500	1	48560589	48560824	-
GLYMA_01G149100	1	48607989	48608367	-
GLYMA_01G149800	1	48704530	48705130	+
GLYMA_01G149900	1	48707486	48708349	-
GLYMA_01G150300	1	48728025	48728440	+
GLYMA_01G152700	1	48963693	48965011	+
GLYMA_01G153000	1	49017587	49017661	+
GLYMA_01G168300	1	50601298	50602772	-
GLYMA_01G169000	1	50653808	50653882	+
GLYMA_01G169600	1	50706732	50706883	-
GLYMA_01G174900	1	51147267	51147347	+
GLYMA_01G175400	1	51191752	51194187	+
GLYMA_01G176900	1	51349501	51350017	-
GLYMA_01G178500	1	51466323	51467326	+
GLYMA_01G180900	1	51702437	51702769	-
GLYMA_01G181900	1	51765583	51769499	+
GLYMA_01G182700	1	51814588	51822322	+
GLYMA_01G184400	1	51967605	51967691	+
GLYMA_01G186500	1	52183908	52183976	+
GLYMA_01G192400	1	52672402	52672485	-
GLYMA_01G192500	1	52683340	52683466	+
GLYMA_01G194900	1	52914121	52914610	+
GLYMA_01G198200	1	53216800	53217261	-
GLYMA_01G198300	1	53218470	53218679	-
GLYMA_01G201300	1	53478177	53478601	+
GLYMA_01G201400	1	53479914	53479992	+
GLYMA_01G201600	1	53488095	53488850	+
GLYMA_01G204700	1	53740483	53740712	-
GLYMA_01G210100	1	54150784	54150886	+
GLYMA_01G212100	1	54367014	54367160	+
GLYMA_01G212900	1	54423391	54423473	+
GLYMA_01G213300	1	54467245	54468561	-
GLYMA_01G218300	1	54841347	54841508	+
GLYMA_01G219500	1	54901443	54901578	+
GLYMA_01G221700	1	55085452	55085542	+
GLYMA_01G225300	1	55410787	55412526	-
GLYMA_01G230300	1	55780172	55780278	-
GLYMA_01G230400	1	55783672	55784865	+
GLYMA_01G233000	1	55942097	55943392	-
GLYMA_01G237200	1	56225857	56226004	+
GLYMA_01G237400	1	56235104	56235204	-
GLYMA_01G237600	1	56244087	56244241	-
GLYMA_01G241800	1	56556765	56557257	+
GLYMA_01G242100	1	56568181	56568344	-
GLYMA_01G242900	1	56609634	56610413	-
GLYMA_01G243300	1	56621536	56622227	-
GLYMA_01G245100	1	56740089	56740829	-
GLYMA_10G000100	10	7060	7599	-
GLYMA_10G000600	10	85819	87286	-
GLYMA_10G002900	10	299680	300131	+
GLYMA_10G009800	10	917688	918460	-
GLYMA_10G009900	10	926653	926862	+
GLYMA_10G011500	10	1081174	1083279	+
GLYMA_10G011900	10	1104140	1105020	+
GLYMA_10G018300	10	1593639	1596133	+
GLYMA_10G018700	10	1625101	1625177	-
GLYMA_10G021400	10	1858699	1859327	+
GLYMA_10G021900	10	1914264	1916191	-
GLYMA_10G025500	10	2215150	2215550	+
GLYMA_10G027100	10	2382288	2383833	+
GLYMA_10G027900	10	2431033	2431143	-
GLYMA_10G028800	10	2512983	2513517	+
GLYMA_10G029100	10	2546478	2546622	+
GLYMA_10G031500	10	2749841	2749973	+
GLYMA_10G038300	10	3396143	3396516	-
GLYMA_10G041500	10	3662433	3663288	+
GLYMA_10G041900	10	3747414	3747667	+
GLYMA_10G054400	10	4943172	4943493	+
GLYMA_10G058600	10	5419394	5420228	+
GLYMA_10G064200	10	6078671	6079133	+
GLYMA_10G066100	10	6399611	6401420	+
GLYMA_10G073300	10	7539828	7540026	+
GLYMA_10G074600	10	7701612	7702520	-
GLYMA_10G088800	10	11825287	11827431	+
GLYMA_10G090300	10	12053851	12054239	-
GLYMA_10G093300	10	13213224	13213333	-
GLYMA_10G098400	10	17005128	17006094	+
GLYMA_10G104300	10	22650397	22661177	-
GLYMA_10G119200	10	30381927	30385482	-
GLYMA_10G126900	10	33782047	33782237	-
GLYMA_10G127000	10	33809039	33810499	+
GLYMA_10G127700	10	34002242	34002400	+
GLYMA_10G128300	10	34134553	34137313	+
GLYMA_10G135300	10	36383899	36384711	-
GLYMA_10G138800	10	37245789	37245926	+
GLYMA_10G139400	10	37323208	37323512	+
GLYMA_10G139500	10	37326015	37326308	-
GLYMA_10G143700	10	37835425	37835513	+
GLYMA_10G147000	10	38230659	38231154	+
GLYMA_10G149000	10	38432731	38432936	-
GLYMA_10G150900	10	38601792	38602234	-
GLYMA_10G151500	10	38651452	38651769	-
GLYMA_10G152300	10	38717556	38717690	+
GLYMA_10G153000	10	38769489	38771610	+
GLYMA_10G153600	10	38863718	38864959	-
GLYMA_10G153900	10	38899254	38899523	-
GLYMA_10G154100	10	38927499	38927609	-
GLYMA_10G156400	10	39059028	39059108	+
GLYMA_10G156900	10	39127716	39127837	+
GLYMA_10G165800	10	40001346	40001664	+
GLYMA_10G167700	10	40200190	40200302	+
GLYMA_10G172100	10	40574234	40574355	+
GLYMA_10G182400	10	41573524	41573876	-
GLYMA_10G184400	10	41758690	41758783	+
GLYMA_10G185000	10	41792987	41793207	+
GLYMA_10G187800	10	42083540	42083679	-
GLYMA_10G189200	10	42233337	42233450	-
GLYMA_10G189700	10	42281173	42281306	+
GLYMA_10G192300	10	42469056	42469221	+
GLYMA_10G192800	10	42512070	42512701	+
GLYMA_10G194400	10	42644835	42646190	-
GLYMA_10G196500	10	42797416	42797522	+
GLYMA_10G198300	10	42945937	42948199	-
GLYMA_10G203100	10	43455286	43456737	+
GLYMA_10G203500	10	43477790	43478099	-
GLYMA_10G205600	10	43737141	43738546	+
GLYMA_10G206600	10	43829818	43830209	+
GLYMA_10G206800	10	43850514	43850754	+
GLYMA_10G207600	10	43930275	43933251	+
GLYMA_10G209600	10	44156917	44157009	-
GLYMA_10G211000	10	44343860	44344010	+
GLYMA_10G211800	10	44445458	44445801	+
GLYMA_10G212500	10	44501403	44501552	-
GLYMA_10G213100	10	44556023	44556690	+
GLYMA_10G214200	10	44641096	44642305	+
GLYMA_10G217100	10	44862216	44862300	-
GLYMA_10G218500	10	45051470	45052892	-
GLYMA_10G220100	10	45161394	45161511	+
GLYMA_10G221200	10	45260502	45260570	-
GLYMA_10G222400	10	45366631	45366769	-
GLYMA_10G228900	10	45902220	45903757	-
GLYMA_10G233000	10	46233721	46233862	+
GLYMA_10G235900	10	46496668	46496772	-
GLYMA_10G236900	10	46575303	46575679	+
GLYMA_10G237200	10	46592308	46592562	+
GLYMA_10G237800	10	46622199	46622270	+
GLYMA_10G241400	10	47003009	47005386	+
GLYMA_10G244700	10	47334756	47334860	-
GLYMA_10G244800	10	47347937	47349220	-
GLYMA_10G254400	10	48159711	48160015	-
GLYMA_10G256200	10	48308098	48308158	-
GLYMA_10G262100	10	48690513	48690654	-
GLYMA_10G264600	10	48878598	48881542	-
GLYMA_10G268000	10	49067322	49067933	-
GLYMA_10G272200	10	49435880	49435973	+
GLYMA_10G274700	10	49773604	49773856	-
GLYMA_10G275400	10	49825134	49825674	-
GLYMA_10G276300	10	49876581	49877424	+
GLYMA_10G277500	10	49964743	49965450	+
GLYMA_10G278400	10	50037053	50037303	+
GLYMA_10G279700	10	50119958	50120043	-
GLYMA_10G285400	10	50553763	50553862	+
GLYMA_10G289400	10	50781526	50782673	-
GLYMA_10G290500	10	50866123	50866311	-
GLYMA_10G291900	10	50978812	50978881	+
GLYMA_10G292400	10	51033432	51033515	-
GLYMA_10G294900	10	51192560	51193459	-
GLYMA_10G295000	10	51197996	51198081	+
GLYMA_10G295800	10	51287260	51288015	+
GLYMA_11G000200	11	10821	10921	+
GLYMA_11G001800	11	93563	94034	-
GLYMA_11G004400	11	329835	330168	-
GLYMA_11G004500	11	337184	338108	+
GLYMA_11G006000	11	433779	433878	+
GLYMA_11G007600	11	526399	526465	+
GLYMA_11G009800	11	693306	694561	+
GLYMA_11G010100	11	717109	718123	+
GLYMA_11G014700	11	1019076	1020181	-
GLYMA_11G017700	11	1227344	1227821	+
GLYMA_11G017800	11	1232656	1234373	+
GLYMA_11G018900	11	1323408	1323544	+
GLYMA_11G019700	11	1388926	1389138	-
GLYMA_11G019800	11	1391938	1392604	-
GLYMA_11G022600	11	1624360	1624485	+
GLYMA_11G023300	11	1671675	1672865	-
GLYMA_11G028200	11	2023906	2023983	+
GLYMA_11G028300	11	2028213	2028298	-
GLYMA_11G028600	11	2051133	2051408	+
GLYMA_11G030000	11	2169103	2169358	-
GLYMA_11G037200	11	2686228	2686512	+
GLYMA_11G042800	11	3133194	3133424	-
GLYMA_11G046600	11	3493030	3493119	+
GLYMA_11G050900	11	3802406	3804164	+
GLYMA_11G052500	11	3955326	3955484	-
GLYMA_11G053300	11	4006502	4006997	+
GLYMA_11G054300	11	4094640	4095352	-
GLYMA_11G054500	11	4104931	4106366	-
GLYMA_11G055400	11	4184433	4188722	+
GLYMA_11G058200	11	4390418	4390511	-
GLYMA_11G058800	11	4450990	4451107	+
GLYMA_11G059700	11	4516229	4517446	-
GLYMA_11G061400	11	4595739	4596708	+
GLYMA_11G066900	11	5017513	5017854	+
GLYMA_11G068200	11	5123561	5123643	-
GLYMA_11G068800	11	5176765	5177121	+
GLYMA_11G071900	11	5366100	5367233	+
GLYMA_11G073400	11	5482459	5482828	-
GLYMA_11G079900	11	5999617	6000025	+
GLYMA_11G084000	11	6309197	6310319	-
GLYMA_11G090900	11	6878870	6879200	+
GLYMA_11G092600	11	7024412	7024511	-
GLYMA_11G094800	11	7200269	7200731	+
GLYMA_11G097500	11	7445959	7447024	+
GLYMA_11G098100	11	7466164	7467114	+
GLYMA_11G102700	11	7802491	7802582	-
GLYMA_11G104300	11	7913967	7915007	-
GLYMA_11G106100	11	8077841	8077956	+
GLYMA_11G110700	11	8448086	8449681	+
GLYMA_11G117400	11	8931150	8931422	-
GLYMA_11G117500	11	8933251	8933500	-
GLYMA_11G117600	11	8940806	8941085	-
GLYMA_11G119000	11	9042877	9042984	-
GLYMA_11G121700	11	9299840	9300412	+
GLYMA_11G122800	11	9359004	9359288	-
GLYMA_11G124900	11	9489364	9489940	+
GLYMA_11G133200	11	10184808	10185053	+
GLYMA_11G137900	11	10491532	10491632	-
GLYMA_11G139200	11	10605028	10605269	+
GLYMA_11G148000	11	11418112	11419438	-
GLYMA_11G150100	11	11738908	11741375	+
GLYMA_11G151800	11	12027640	12027829	-
GLYMA_11G156300	11	13562578	13562682	-
GLYMA_11G156900	11	13836218	13836651	-
GLYMA_11G164700	11	15650529	15652751	-
GLYMA_11G165100	11	15724300	15725889	-
GLYMA_11G166300	11	15984969	15987630	+
GLYMA_11G173200	11	18838457	18839086	+
GLYMA_11G173300	11	18849378	18850030	+
GLYMA_11G173800	11	18907394	18908140	-
GLYMA_11G179600	11	24522282	24526309	+
GLYMA_11G183600	11	25136661	25136762	+
GLYMA_11G186500	11	25593339	25593907	+
GLYMA_11G189900	11	26243723	26243850	+
GLYMA_11G190200	11	26277341	26277667	-
GLYMA_11G195900	11	26970152	26970833	-
GLYMA_11G217500	11	31202847	31202930	-
GLYMA_11G220900	11	31613960	31614069	-
GLYMA_11G221400	11	31655310	31656145	-
GLYMA_11G223500	11	31849417	31849546	+
GLYMA_11G225600	11	32072234	32073075	+
GLYMA_11G227900	11	32302473	32303438	-
GLYMA_11G231800	11	32750090	32751193	-
GLYMA_11G234500	11	32969699	32969916	-
GLYMA_11G237400	11	33183824	33183908	-
GLYMA_11G240300	11	33465638	33466467	+
GLYMA_11G243700	11	33752334	33753128	-
GLYMA_11G243800	11	33765679	33765767	+
GLYMA_11G244200	11	33798528	33798837	+
GLYMA_11G245500	11	33895213	33895784	-
GLYMA_11G251200	11	34274047	34274617	+
GLYMA_11G251700	11	34310052	34310489	+
GLYMA_11G252400	11	34352643	34352732	+
GLYMA_11G257000	11	34747793	34748786	-
GLYMA_12G000300	12	19647	19725	+
GLYMA_12G002800	12	226177	226267	-
GLYMA_12G003500	12	289018	289091	-
GLYMA_12G007600	12	561936	562234	-
GLYMA_12G008400	12	619159	619282	-
GLYMA_12G013900	12	1006030	1006127	+
GLYMA_12G014100	12	1021060	1021229	-
GLYMA_12G019000	12	1336140	1336996	-
GLYMA_12G024400	12	1768987	1769086	-
GLYMA_12G028600	12	2135329	2135415	-
GLYMA_12G028800	12	2151298	2151406	-
GLYMA_12G031000	12	2322288	2322363	+
GLYMA_12G033000	12	2495788	2497294	+
GLYMA_12G037300	12	2703777	2703848	+
GLYMA_12G047900	12	3477924	3478170	+
GLYMA_12G048600	12	3505822	3505912	-
GLYMA_12G049900	12	3578279	3578349	+
GLYMA_12G050600	12	3635795	3636038	+
GLYMA_12G061500	12	4490395	4490831	+
GLYMA_12G062100	12	4532419	4532505	-
GLYMA_12G062700	12	4592275	4592406	+
GLYMA_12G062800	12	4604931	4605166	+
GLYMA_12G066300	12	4875580	4877773	-
GLYMA_12G067100	12	4920932	4922184	+
GLYMA_12G069100	12	5066511	5066591	-
GLYMA_12G070700	12	5180788	5180885	+
GLYMA_12G078700	12	6139198	6139400	-
GLYMA_12G079400	12	6202203	6203692	-
GLYMA_12G081300	12	6425054	6425162	+
GLYMA_12G084500	12	6789987	6790915	-
GLYMA_12G085300	12	6885047	6885157	-
GLYMA_12G091100	12	7452458	7452953	+
GLYMA_12G092500	12	7578051	7579997	+
GLYMA_12G095900	12	8048802	8050275	+
GLYMA_12G099300	12	8615150	8615644	+
GLYMA_12G100300	12	8754096	8756210	+
GLYMA_12G104800	12	9504065	9504172	+
GLYMA_12G105200	12	9535541	9535807	+
GLYMA_12G108600	12	9995094	9996543	-
GLYMA_12G113800	12	11166970	11167272	+
GLYMA_12G117500	12	11899261	11900484	-
GLYMA_12G122300	12	13315797	13315881	-
GLYMA_12G131700	12	14890307	14890399	-
GLYMA_12G132000	12	14920934	14921044	-
GLYMA_12G132400	12	14957957	14958067	-
GLYMA_12G135500	12	15834136	15834251	+
GLYMA_12G137100	12	16303812	16304625	-
GLYMA_12G141700	12	17905841	17906038	+
GLYMA_12G142100	12	18035151	18035950	-
GLYMA_12G147400	12	20546871	20547064	-
GLYMA_12G152600	12	23086785	23090507	-
GLYMA_12G159800	12	28362554	28363034	-
GLYMA_12G164700	12	31903367	31904392	-
GLYMA_12G165300	12	31950601	31950793	+
GLYMA_12G166300	12	32066995	32067067	-
GLYMA_12G167200	12	32160879	32161332	-
GLYMA_12G167700	12	32247169	32247379	+
GLYMA_12G183200	12	34407626	34408249	+
GLYMA_12G185400	12	34646923	34647570	-
GLYMA_12G194500	12	35639688	35641061	+
GLYMA_12G195000	12	35668466	35669069	-
GLYMA_12G198100	12	35949962	35950248	-
GLYMA_12G198600	12	35997918	35998040	+
GLYMA_12G200900	12	36178412	36179426	+
GLYMA_12G202000	12	36237862	36237950	-
GLYMA_12G213900	12	37311966	37312085	-
GLYMA_12G215300	12	37451010	37451590	-
GLYMA_12G218900	12	37840760	37840858	+
GLYMA_12G221500	12	38084211	38084324	-
GLYMA_12G224600	12	38413103	38413234	+
GLYMA_12G226200	12	38577934	38578135	-
GLYMA_12G226400	12	38614490	38615408	-
GLYMA_12G227400	12	38724570	38724766	-
GLYMA_12G228100	12	38800438	38801414	-
GLYMA_12G235700	12	39468961	39469078	+
GLYMA_12G237100	12	39599048	39599269	+
GLYMA_12G241000	12	39955078	39956296	-
GLYMA_12G241800	12	40011240	40011306	+
GLYMA_12G242200	12	40052022	40052106	+
GLYMA_13G000800	13	219004	226665	-
GLYMA_13G003400	13	942720	944011	+
GLYMA_13G007000	13	1961110	1961463	-
GLYMA_13G007100	13	1962559	1962634	-
GLYMA_13G023900	13	4176399	4177375	-
GLYMA_13G025300	13	4821777	4821871	-
GLYMA_13G026900	13	6076501	6076784	-
GLYMA_13G028200	13	7358448	7358501	+
GLYMA_13G029600	13	8859135	8859282	-
GLYMA_13G030100	13	9599873	9599979	+
GLYMA_13G031600	13	10248416	10249090	+
GLYMA_13G032700	13	10461963	10462159	+
GLYMA_13G033500	13	10560494	10561829	-
GLYMA_13G037400	13	11677697	11678303	+
GLYMA_13G041200	13	13163515	13163586	+
GLYMA_13G043700	13	13704016	13704511	+
GLYMA_13G044200	13	13769471	13769834	-
GLYMA_13G044600	13	13836325	13836417	+
GLYMA_13G044800	13	13851253	13852623	-
GLYMA_13G052000	13	14889128	14890356	+
GLYMA_13G052500	13	14947284	14947530	-
GLYMA_13G053600	13	15090852	15090944	+
GLYMA_13G054400	13	15166137	15166229	-
GLYMA_13G058200	13	15576938	15577120	+
GLYMA_13G059400	13	15684996	15686495	+
GLYMA_13G060300	13	15763885	15763975	+
GLYMA_13G060400	13	15775744	15775852	+
GLYMA_13G062000	13	15955129	15955236	-
GLYMA_13G063100	13	16117806	16118462	-
GLYMA_13G067100	13	16679336	16679560	-
GLYMA_13G070200	13	17035438	17036627	-
GLYMA_13G072700	13	17410157	17410260	-
GLYMA_13G076100	13	18013748	18013910	+
GLYMA_13G079900	13	18635684	18637546	-
GLYMA_13G080500	13	18711179	18711968	-
GLYMA_13G081500	13	19043693	19043795	+
GLYMA_13G085200	13	19668058	19668843	+
GLYMA_13G086800	13	19879955	19880122	+
GLYMA_13G092500	13	20720917	20721081	+
GLYMA_13G095400	13	21027790	21027967	+
GLYMA_13G096400	13	21132672	21133906	+
GLYMA_13G097900	13	21322204	21323234	+
GLYMA_13G098900	13	21405338	21405584	+
GLYMA_13G099400	13	21443005	21443146	+
GLYMA_13G099700	13	21510573	21511204	-
GLYMA_13G101800	13	21718212	21718769	+
GLYMA_13G102700	13	21774906	21775089	-
GLYMA_13G104000	13	21871348	21871987	+
GLYMA_13G105300	13	21976939	21977034	-
GLYMA_13G107300	13	22175735	22177459	+
GLYMA_13G107500	13	22202181	22203279	-
GLYMA_13G108700	13	22288673	22288746	-
GLYMA_13G111600	13	22511443	22511504	-
GLYMA_13G112100	13	22548288	22549001	+
GLYMA_13G116100	13	22961931	22963048	+
GLYMA_13G117100	13	23037680	23037795	+
GLYMA_13G117300	13	23046648	23046954	-
GLYMA_13G117700	13	23082974	23083201	-
GLYMA_13G118400	13	23115058	23115642	-
GLYMA_13G119600	13	23223649	23224438	-
GLYMA_13G124100	13	23733648	23735572	+
GLYMA_13G127700	13	24076430	24077208	+
GLYMA_13G129300	13	24220344	24221282	+
GLYMA_13G131200	13	24391428	24391497	+
GLYMA_13G135800	13	24822244	24822468	-
GLYMA_13G137500	13	25029508	25029583	-
GLYMA_13G141000	13	25377499	25377990	-
GLYMA_13G141100	13	25388252	25390457	-
GLYMA_13G146800	13	25987148	25988797	+
GLYMA_13G147400	13	26071199	26071302	-
GLYMA_13G147800	13	26126892	26127410	-
GLYMA_13G148000	13	26147000	26147127	-
GLYMA_13G149100	13	26271202	26271394	+
GLYMA_13G150600	13	26414136	26414202	+
GLYMA_13G150900	13	26461740	26462515	+
GLYMA_13G151200	13	26538786	26540462	+
GLYMA_13G152400	13	26702352	26702881	-
GLYMA_13G157200	13	27226895	27226974	-
GLYMA_13G158700	13	27391309	27391563	+
GLYMA_13G160600	13	27625869	27626909	-
GLYMA_13G161700	13	27735329	27735936	+
GLYMA_13G162300	13	27775261	27777316	-
GLYMA_13G167300	13	28188626	28189472	+
GLYMA_13G167500	13	28199494	28200162	-
GLYMA_13G169500	13	28351115	28354928	-
GLYMA_13G178000	13	29185617	29186862	-
GLYMA_13G182800	13	29588816	29589336	-
GLYMA_13G187200	13	30107690	30108665	+
GLYMA_13G190500	13	30414412	30414661	-
GLYMA_13G191700	13	30498348	30498859	-
GLYMA_13G191900	13	30512660	30513075	-
GLYMA_13G198000	13	31189186	31190216	-
GLYMA_13G200800	13	31439770	31441590	+
GLYMA_13G212600	13	32620099	32620265	+
GLYMA_13G217800	13	33096723	33096905	+
GLYMA_13G223300	13	33612001	33614787	-
GLYMA_13G232200	13	34346752	34347440	+
GLYMA_13G232600	13	34360535	34361420	-
GLYMA_13G233300	13	34409184	34409269	+
GLYMA_13G233400	13	34416610	34416938	+
GLYMA_13G237100	13	34745856	34745926	-
GLYMA_13G237400	13	34762732	34764088	-
GLYMA_13G242600	13	35214717	35214919	-
GLYMA_13G247300	13	35582540	35582676	+
GLYMA_13G247400	13	35591889	35591985	-
GLYMA_13G250600	13	35805648	35805767	+
GLYMA_13G251300	13	35845340	35845444	+
GLYMA_13G253500	13	35966783	35966901	-
GLYMA_13G256000	13	36151165	36151332	-
GLYMA_13G259300	13	36367826	36367955	-
GLYMA_13G262100	13	36587177	36587496	-
GLYMA_13G263600	13	36689222	36689969	+
GLYMA_13G266800	13	36993999	36994367	-
GLYMA_13G266900	13	36997277	36997540	-
GLYMA_13G269900	13	37193948	37194041	+
GLYMA_13G272500	13	37447785	37448926	-
GLYMA_13G273600	13	37530022	37530473	-
GLYMA_13G275800	13	37722091	37722200	+
GLYMA_13G276500	13	37796130	37796224	-
GLYMA_13G277000	13	37849973	37850185	+
GLYMA_13G278200	13	37931852	37931991	-
GLYMA_13G278900	13	37999568	38000379	+
GLYMA_13G283400	13	38476470	38477215	-
GLYMA_13G283900	13	38494181	38495055	-
GLYMA_13G286300	13	38697477	38698014	+
GLYMA_13G295000	13	39431831	39432260	-
GLYMA_13G296400	13	39548022	39549708	-
GLYMA_13G303600	13	40063180	40066138	+
GLYMA_13G310400	13	40591443	40592124	+
GLYMA_13G311700	13	40702547	40704122	+
GLYMA_13G314500	13	40990631	40990905	-
GLYMA_13G314600	13	40994539	40995947	-
GLYMA_13G315300	13	41044030	41044105	-
GLYMA_13G325200	13	42039197	42039311	+
GLYMA_13G328200	13	42288616	42288810	-
GLYMA_13G328900	13	42344310	42345815	+
GLYMA_13G330000	13	42456435	42456539	+
GLYMA_13G337900	13	43069433	43069546	-
GLYMA_13G340200	13	43221329	43221863	-
GLYMA_13G340800	13	43274640	43275721	+
GLYMA_13G344300	13	43532621	43533294	+
GLYMA_13G350600	13	44002969	44003360	-
GLYMA_13G355100	13	44380893	44381237	-
GLYMA_13G357700	13	44548834	44549093	+
GLYMA_13G359500	13	44676178	44676315	+
GLYMA_13G359600	13	44680533	44680680	+
GLYMA_13G361300	13	44826969	44827071	+
GLYMA_13G365500	13	45159442	45164603	+
GLYMA_13G366400	13	45224628	45224731	-
GLYMA_13G367000	13	45259793	45260611	+
GLYMA_13G367100	13	45264038	45265190	+
GLYMA_13G367400	13	45304462	45304542	-
GLYMA_13G371200	13	45637816	45637920	-
GLYMA_14G000700	14	103048	103125	+
GLYMA_14G003300	14	312521	314611	+
GLYMA_14G006800	14	537465	538158	+
GLYMA_14G009300	14	730294	730490	-
GLYMA_14G010200	14	788518	789181	+
GLYMA_14G011300	14	862798	865200	+
GLYMA_14G012100	14	914657	915643	+
GLYMA_14G021200	14	1492100	1492625	-
GLYMA_14G024700	14	1781136	1781279	+
GLYMA_14G027300	14	1976507	1977358	+
GLYMA_14G029800	14	2165561	2165804	-
GLYMA_14G036200	14	2700860	2701218	+
GLYMA_14G039800	14	2973039	2973188	-
GLYMA_14G041000	14	3084223	3085135	-
GLYMA_14G042800	14	3269544	3269692	+
GLYMA_14G054900	14	4379920	4380899	+
GLYMA_14G062200	14	5073052	5073245	-
GLYMA_14G066400	14	5469894	5470476	-
GLYMA_14G067900	14	5681416	5681519	-
GLYMA_14G070200	14	5899907	5900091	+
GLYMA_14G071100	14	5976160	5976260	-
GLYMA_14G072200	14	6063213	6063307	-
GLYMA_14G074500	14	6234783	6235226	-
GLYMA_14G075900	14	6362613	6362976	-
GLYMA_14G081600	14	7068192	7068335	+
GLYMA_14G082200	14	7103795	7104462	+
GLYMA_14G087600	14	7852092	7853567	-
GLYMA_14G090000	14	8186516	8186655	-
GLYMA_14G090400	14	8253694	8253780	+
GLYMA_14G095400	14	8879053	8879118	-
GLYMA_14G099000	14	9510619	9510686	-
GLYMA_14G103000	14	10303790	10304289	-
GLYMA_14G103500	14	10435282	10446891	+
GLYMA_14G103600	14	10447345	10447632	+
GLYMA_14G105500	14	10876424	10878564	-
GLYMA_14G109000	14	12022266	12022970	-
GLYMA_14G120700	14	17136128	17136267	-
GLYMA_14G122200	14	17804107	17805506	-
GLYMA_14G132800	14	22785062	22786071	-
GLYMA_14G133700	14	23230536	23231539	+
GLYMA_14G134900	14	23567881	23567973	+
GLYMA_14G139100	14	26624509	26624588	+
GLYMA_14G141800	14	28566846	28567450	+
GLYMA_14G150200	14	32450866	32452018	-
GLYMA_14G150600	14	32537185	32537695	-
GLYMA_14G153400	14	33361904	33362071	+
GLYMA_14G154400	14	33570809	33570938	+
GLYMA_14G154300	14	33571749	33572530	-
GLYMA_14G158300	14	35024953	35025473	-
GLYMA_14G164600	14	40560196	40560283	+
GLYMA_14G166900	14	41257744	41258336	-
GLYMA_14G168000	14	41656222	41657883	+
GLYMA_14G168800	14	41801282	41801378	+
GLYMA_14G177900	14	43783140	43783251	+
GLYMA_14G181400	14	44427214	44428122	-
GLYMA_14G181500	14	44433196	44433309	-
GLYMA_14G183300	14	44687013	44687172	+
GLYMA_14G183500	14	44707100	44708619	-
GLYMA_14G185200	14	44893797	44894073	+
GLYMA_14G185800	14	44998106	44999038	-
GLYMA_14G186000	14	45011917	45012605	-
GLYMA_14G186800	14	45127046	45127129	-
GLYMA_14G189600	14	45451982	45452529	+
GLYMA_14G191300	14	45600188	45600295	-
GLYMA_14G192300	14	45695567	45695720	+
GLYMA_14G193700	14	45846081	45846283	+
GLYMA_14G203100	14	46804027	46805627	-
GLYMA_14G209700	14	47498873	47499893	-
GLYMA_14G210200	14	47540621	47542756	-
GLYMA_14G210600	14	47559648	47560016	-
GLYMA_14G210900	14	47588919	47589078	+
GLYMA_14G211700	14	47656612	47657118	-
GLYMA_14G215700	14	48022126	48022225	-
GLYMA_14G216100	14	48041828	48041990	-
GLYMA_14G218200	14	48347590	48347704	-
GLYMA_14G220400	14	48541384	48542231	-
GLYMA_14G223000	14	48812555	48812678	-
GLYMA_14G224400	14	48975329	48976279	+
GLYMA_15G001000	15	116507	116591	+
GLYMA_15G005700	15	497225	497344	+
GLYMA_15G009900	15	760898	762628	-
GLYMA_15G010200	15	786635	786802	-
GLYMA_15G010900	15	830131	831225	-
GLYMA_15G011700	15	901437	901564	-
GLYMA_15G011800	15	909736	909924	+
GLYMA_15G016100	15	1264009	1264093	-
GLYMA_15G020600	15	1598011	1598110	+
GLYMA_15G023600	15	1874616	1874775	-
GLYMA_15G025300	15	2043416	2046747	+
GLYMA_15G031800	15	2560593	2561287	+
GLYMA_15G032100	15	2583870	2584148	-
GLYMA_15G034200	15	2728465	2728992	+
GLYMA_15G037800	15	2985106	2985294	-
GLYMA_15G038600	15	3039895	3040091	-
GLYMA_15G038800	15	3059978	3060156	+
GLYMA_15G043800	15	3451603	3451887	-
GLYMA_15G047600	15	3763137	3763940	-
GLYMA_15G051200	15	4026284	4026628	-
GLYMA_15G053700	15	4225379	4226892	+
GLYMA_15G054100	15	4254239	4254364	-
GLYMA_15G056500	15	4397662	4397879	+
GLYMA_15G061400	15	4731747	4731834	+
GLYMA_15G063000	15	4827028	4827141	-
GLYMA_15G063500	15	4851972	4852740	-
GLYMA_15G065200	15	4962129	4962261	-
GLYMA_15G065300	15	4969057	4969184	-
GLYMA_15G066100	15	5021694	5022810	+
GLYMA_15G066600	15	5071830	5071930	+
GLYMA_15G071300	15	5467391	5467723	+
GLYMA_15G074400	15	5693677	5694243	-
GLYMA_15G076400	15	5887241	5887311	+
GLYMA_15G093700	15	7281295	7281598	+
GLYMA_15G113600	15	8960135	8960256	+
GLYMA_15G123400	15	9805311	9805867	-
GLYMA_15G128300	15	10233036	10234148	+
GLYMA_15G129900	15	10433271	10433903	-
GLYMA_15G130700	15	10512647	10513989	-
GLYMA_15G131600	15	10577355	10577543	+
GLYMA_15G133600	15	10740718	10740801	-
GLYMA_15G135600	15	10921993	10922326	-
GLYMA_15G138800	15	11306947	11307014	-
GLYMA_15G147300	15	12147904	12147993	+
GLYMA_15G153600	15	12749039	12749158	+
GLYMA_15G158100	15	13246543	13246621	-
GLYMA_15G159400	15	13460176	13460281	-
GLYMA_15G161500	15	13776276	13776379	+
GLYMA_15G161600	15	13802812	13802916	+
GLYMA_15G162300	15	13851901	13852004	-
GLYMA_15G162800	15	13966974	13967579	+
GLYMA_15G164200	15	14214228	14214351	+
GLYMA_15G165700	15	14405553	14407652	+
GLYMA_15G172600	15	15796396	15796941	-
GLYMA_15G174300	15	16189291	16189424	+
GLYMA_15G179400	15	17209248	17210075	-
GLYMA_15G179600	15	17294435	17294579	+
GLYMA_15G186300	15	19148606	19149723	+
GLYMA_15G196500	15	22679190	22683854	+
GLYMA_15G199100	15	23663005	23666477	-
GLYMA_15G202400	15	25546412	25547558	-
GLYMA_15G204300	15	26955948	26956368	+
GLYMA_15G209900	15	32142828	32143344	-
GLYMA_15G211700	15	32833889	32834685	+
GLYMA_15G214100	15	34282441	34282526	+
GLYMA_15G217200	15	35853989	35854078	+
GLYMA_15G221700	15	40075840	40075922	-
GLYMA_15G227600	15	42049756	42049917	-
GLYMA_15G228600	15	42695943	42696138	+
GLYMA_15G229400	15	43041059	43041477	-
GLYMA_15G232600	15	43721367	43721471	+
GLYMA_15G236400	15	44538940	44539054	+
GLYMA_15G240300	15	45520380	45520474	-
GLYMA_15G242900	15	46406369	46408249	-
GLYMA_15G244100	15	46526024	46527584	-
GLYMA_15G246100	15	46885798	46885895	-
GLYMA_15G250400	15	47843862	47844432	-
GLYMA_15G253100	15	48151385	48154283	+
GLYMA_15G254200	15	48315681	48316547	+
GLYMA_15G258500	15	48956370	48956877	+
GLYMA_15G260300	15	49287038	49287699	+
GLYMA_15G273000	15	51049170	51052276	-
GLYMA_16G000800	16	65305	65559	+
GLYMA_16G002400	16	131408	132648	+
GLYMA_16G002600	16	140521	140599	-
GLYMA_16G004700	16	264105	264194	-
GLYMA_16G006400	16	518682	518822	-
GLYMA_16G007300	16	601233	602182	+
GLYMA_16G007600	16	636334	636456	-
GLYMA_16G007700	16	652372	652453	+
GLYMA_16G011100	16	961444	962921	-
GLYMA_16G017100	16	1485546	1485785	-
GLYMA_16G029100	16	2791767	2792129	+
GLYMA_16G030800	16	2928182	2928352	-
GLYMA_16G036900	16	3507925	3508635	-
GLYMA_16G037400	16	3541580	3541666	+
GLYMA_16G038800	16	3653196	3653326	+
GLYMA_16G040200	16	3773675	3773857	+
GLYMA_16G047100	16	4469847	4470061	+
GLYMA_16G052000	16	5012652	5013016	-
GLYMA_16G055500	16	5444922	5445054	+
GLYMA_16G059700	16	5828014	5828322	-
GLYMA_16G063400	16	6238338	6238695	-
GLYMA_16G064900	16	6400514	6400648	-
GLYMA_16G065400	16	6461644	6461778	-
GLYMA_16G067600	16	6688503	6688595	-
GLYMA_16G073500	16	7415186	7416003	+
GLYMA_16G081500	16	8792300	8792388	-
GLYMA_16G088400	16	11226925	11228682	+
GLYMA_16G090000	16	12382060	12382143	+
GLYMA_16G091200	16	14040770	14047174	-
GLYMA_16G101900	16	20520993	20521111	-
GLYMA_16G103400	16	20921860	20924752	+
GLYMA_16G109300	16	23420723	23420845	-
GLYMA_16G111800	16	24728103	24729401	-
GLYMA_16G116300	16	25905955	25906221	-
GLYMA_16G117900	16	26317326	26317799	-
GLYMA_16G118000	16	26321369	26321454	-
GLYMA_16G121800	16	27019702	27019793	+
GLYMA_16G123000	16	27218231	27218851	+
GLYMA_16G127800	16	27984661	27985167	+
GLYMA_16G130400	16	28392634	28392705	-
GLYMA_16G132500	16	28903223	28904552	+
GLYMA_16G138300	16	29533360	29533483	-
GLYMA_16G140200	16	29759028	29759466	-
GLYMA_16G142100	16	30045773	30048862	+
GLYMA_16G145300	16	30605826	30605926	+
GLYMA_16G147800	16	30862271	30862342	+
GLYMA_16G148000	16	30874503	30874593	-
GLYMA_16G149000	16	30969051	30969821	+
GLYMA_16G151500	16	31199824	31200435	+
GLYMA_16G156300	16	31649377	31649466	+
GLYMA_16G159300	16	31906067	31906242	+
GLYMA_16G163500	16	32259818	32259974	-
GLYMA_16G164400	16	32321321	32323050	-
GLYMA_16G165300	16	32447760	32447986	-
GLYMA_16G166500	16	32582453	32584436	+
GLYMA_16G167600	16	32733445	32734476	-
GLYMA_16G169700	16	32973528	32975150	+
GLYMA_16G170200	16	33048597	33050874	-
GLYMA_16G171400	16	33189731	33189934	+
GLYMA_16G176600	16	33785829	33786563	+
GLYMA_16G178900	16	33958404	33959614	+
GLYMA_16G179300	16	33994336	33994524	+
GLYMA_16G179700	16	34019237	34019310	+
GLYMA_16G186100	16	34772002	34772799	-
GLYMA_16G195400	16	35710624	35711762	+
GLYMA_16G197500	16	35879525	35880193	+
GLYMA_16G198600	16	35959713	35959947	+
GLYMA_16G200200	16	36133713	36133794	+
GLYMA_16G200500	16	36164500	36165569	-
GLYMA_16G204200	16	36522742	36522834	-
GLYMA_16G204400	16	36534423	36536260	+
GLYMA_16G209500	16	36886467	36890113	+
GLYMA_16G214900	16	37246805	37246999	-
GLYMA_16G217200	16	37415182	37415352	-
GLYMA_17G009100	17	741700	742563	+
GLYMA_17G010900	17	884543	884620	-
GLYMA_17G012400	17	961938	962024	-
GLYMA_17G015900	17	1186590	1186964	-
GLYMA_17G018700	17	1401917	1402067	+
GLYMA_17G020000	17	1493000	1493134	+
GLYMA_17G020700	17	1534997	1535080	+
GLYMA_17G021700	17	1585671	1588438	+
GLYMA_17G026100	17	1922737	1922840	-
GLYMA_17G029900	17	2201996	2202112	-
GLYMA_17G034500	17	2519168	2519807	+
GLYMA_17G035700	17	2625490	2625743	+
GLYMA_17G038200	17	2821254	2821496	+
GLYMA_17G043600	17	3236995	3237970	+
GLYMA_17G045500	17	3381390	3381477	-
GLYMA_17G048400	17	3669927	3670017	+
GLYMA_17G048500	17	3672937	3673056	-
GLYMA_17G051400	17	3907155	3907420	+
GLYMA_17G055100	17	4189193	4189317	-
GLYMA_17G055600	17	4224115	4224190	-
GLYMA_17G056400	17	4283331	4283511	+
GLYMA_17G056700	17	4299375	4299454	+
GLYMA_17G059200	17	4497861	4497943	-
GLYMA_17G061900	17	4730430	4730546	-
GLYMA_17G067200	17	5204678	5204929	+
GLYMA_17G068500	17	5349144	5349342	+
GLYMA_17G068700	17	5358857	5359112	-
GLYMA_17G068800	17	5368153	5368310	-
GLYMA_17G069200	17	5429945	5430261	+
GLYMA_17G072300	17	5657509	5658185	-
GLYMA_17G072600	17	5675951	5676034	+
GLYMA_17G074200	17	5808053	5808803	-
GLYMA_17G075000	17	5885921	5886032	-
GLYMA_17G075700	17	5928298	5928466	-
GLYMA_17G078900	17	6142456	6142643	-
GLYMA_17G079800	17	6176090	6176186	-
GLYMA_17G084300	17	6522976	6523078	-
GLYMA_17G088900	17	6902952	6903981	+
GLYMA_17G092200	17	7171838	7171910	-
GLYMA_17G092800	17	7254861	7255015	-
GLYMA_17G101800	17	7998982	8000496	-
GLYMA_17G104800	17	8244132	8245175	+
GLYMA_17G105300	17	8270165	8270246	+
GLYMA_17G107300	17	8424845	8424925	+
GLYMA_17G107400	17	8429535	8431160	-
GLYMA_17G109100	17	8548458	8550651	+
GLYMA_17G109400	17	8571753	8571961	+
GLYMA_17G114000	17	9035605	9036038	-
GLYMA_17G115700	17	9148996	9149139	-
GLYMA_17G118000	17	9292542	9293374	+
GLYMA_17G124600	17	9944460	9944983	+
GLYMA_17G126300	17	10060116	10060503	+
GLYMA_17G127700	17	10207887	10208131	+
GLYMA_17G132700	17	10685218	10690224	+
GLYMA_17G134700	17	10845984	10846726	+
GLYMA_17G135000	17	10861739	10862595	+
GLYMA_17G135900	17	10963220	10963752	+
GLYMA_17G146700	17	12107165	12108446	+
GLYMA_17G148700	17	12317341	12317743	-
GLYMA_17G153900	17	12921152	12921328	-
GLYMA_17G161100	17	14002195	14003053	-
GLYMA_17G161900	17	14151780	14152094	-
GLYMA_17G163200	17	14530026	14531976	-
GLYMA_17G163300	17	14586685	14587057	-
GLYMA_17G163400	17	14589152	14589347	+
GLYMA_17G163800	17	14623215	14623899	-
GLYMA_17G171000	17	16169663	16169789	-
GLYMA_17G171100	17	16173586	16174676	-
GLYMA_17G185000	17	23533404	23533955	+
GLYMA_17G187600	17	24169682	24169717	+
GLYMA_17G188500	17	24486806	24490844	-
GLYMA_17G189500	17	25968321	25969398	-
GLYMA_17G190600	17	26719585	26719677	+
GLYMA_17G192700	17	27919230	27926202	-
GLYMA_17G194600	17	29227889	29235529	+
GLYMA_17G197700	17	31249681	31250066	-
GLYMA_17G198800	17	31480908	31481024	-
GLYMA_17G201600	17	32067113	32067467	+
GLYMA_17G203800	17	32606709	32606810	+
GLYMA_17G205000	17	33317553	33318434	-
GLYMA_17G208300	17	34163099	34163630	-
GLYMA_17G209200	17	34377260	34377345	+
GLYMA_17G214700	17	36055912	36055999	+
GLYMA_17G215000	17	36083385	36083472	+
GLYMA_17G215800	17	36330854	36334004	+
GLYMA_17G221800	17	37425177	37426182	-
GLYMA_17G222300	17	37513487	37513787	+
GLYMA_17G222400	17	37522174	37528722	+
GLYMA_17G226300	17	38074213	38074579	+
GLYMA_17G229400	17	38440039	38440687	-
GLYMA_17G231100	17	38614238	38616514	-
GLYMA_17G235300	17	39047996	39048091	+
GLYMA_17G236300	17	39140998	39141887	+
GLYMA_17G236700	17	39190396	39191751	+
GLYMA_17G241800	17	39746368	39746481	+
GLYMA_17G242900	17	39882948	39883594	-
GLYMA_17G244900	17	40031345	40031913	-
GLYMA_17G251000	17	40584821	40584941	+
GLYMA_17G251700	17	40626805	40627109	-
GLYMA_17G252200	17	40656716	40656897	-
GLYMA_17G252900	17	40704298	40704399	+
GLYMA_17G254900	17	40880082	40880293	+
GLYMA_17G257900	17	41194356	41194473	+
GLYMA_17G258800	17	41294291	41294807	+
GLYMA_17G259300	17	41345546	41346405	-
GLYMA_18G002300	18	200064	200180	-
GLYMA_18G003000	18	255843	255923	-
GLYMA_18G005500	18	426143	426289	+
GLYMA_18G007400	18	558401	559773	-
GLYMA_18G007700	18	570439	570526	-
GLYMA_18G008600	18	622867	623221	+
GLYMA_18G008900	18	645309	646468	-
GLYMA_18G009100	18	663026	663085	+
GLYMA_18G009500	18	684259	685071	-
GLYMA_18G011100	18	785871	785960	+
GLYMA_18G021300	18	1563098	1563902	+
GLYMA_18G025700	18	1911499	1911590	+
GLYMA_18G030100	18	2311731	2313449	+
GLYMA_18G035300	18	2756106	2757451	+
GLYMA_18G040300	18	3321652	3322166	+
GLYMA_18G040500	18	3331257	3331416	-
GLYMA_18G050500	18	4360513	4361512	+
GLYMA_18G051100	18	4424102	4425747	+
GLYMA_18G058300	18	5136496	5138073	-
GLYMA_18G059300	18	5270186	5270286	+
GLYMA_18G059900	18	5309855	5310115	+
GLYMA_18G060000	18	5338791	5338892	+
GLYMA_18G061800	18	5612847	5613682	-
GLYMA_18G065900	18	6029160	6029439	-
GLYMA_18G067600	18	6273556	6274437	+
GLYMA_18G072700	18	6858566	6858685	-
GLYMA_18G073600	18	6992891	6993293	-
GLYMA_18G078600	18	7539053	7539169	+
GLYMA_18G078800	18	7553429	7554112	+
GLYMA_18G080200	18	7686174	7686260	+
GLYMA_18G081700	18	7920815	7922052	+
GLYMA_18G086200	18	8528762	8529226	+
GLYMA_18G091500	18	9149113	9150004	+
GLYMA_18G092500	18	9300272	9300507	+
GLYMA_18G092500	18	9300607	9301177	+
GLYMA_18G098900	18	10304417	10304576	+
GLYMA_18G101400	18	10752417	10759521	-
GLYMA_18G103700	18	11310505	11311384	+
GLYMA_18G106300	18	11901124	11901212	-
GLYMA_18G106400	18	11916908	11917328	-
GLYMA_18G107500	18	12118324	12118690	+
GLYMA_18G109000	18	12546421	12547196	+
GLYMA_18G109600	18	12689581	12690674	-
GLYMA_18G111600	18	13237752	13237874	-
GLYMA_18G112100	18	13320827	13321004	+
GLYMA_18G112500	18	13382449	13382532	-
GLYMA_18G116300	18	14230545	14231245	+
GLYMA_18G122100	18	15469286	15470178	-
GLYMA_18G124100	18	16147273	16147361	-
GLYMA_18G125600	18	16422323	16422405	-
GLYMA_18G127700	18	17153240	17153525	+
GLYMA_18G130300	18	18041987	18042076	+
GLYMA_18G130800	18	18203711	18203812	-
GLYMA_18G133800	18	19110315	19111861	-
GLYMA_18G134800	18	19354791	19354970	+
GLYMA_18G135800	18	19817218	19817581	-
GLYMA_18G137400	18	20198776	20199012	-
GLYMA_18G140300	18	21205581	21206161	-
GLYMA_18G140500	18	21220092	21220203	-
GLYMA_18G141400	18	21908397	21908494	-
GLYMA_18G143400	18	22900921	22901272	+
GLYMA_18G145300	18	23654450	23654530	+
GLYMA_18G155000	18	32217345	32217441	+
GLYMA_18G160500	18	36652928	36655059	+
GLYMA_18G172100	18	40785295	40786702	+
GLYMA_18G172600	18	40896875	40898774	-
GLYMA_18G176700	18	42147922	42149512	-
GLYMA_18G180200	18	43411180	43411404	+
GLYMA_18G189200	18	45658932	45659508	-
GLYMA_18G197300	18	47330425	47330625	-
GLYMA_18G198800	18	47705468	47705622	-
GLYMA_18G202100	18	48265957	48266458	-
GLYMA_18G205300	18	48908746	48909753	-
GLYMA_18G206400	18	49016306	49018445	+
GLYMA_18G206800	18	49056105	49056262	-
GLYMA_18G210000	18	49538980	49539246	+
GLYMA_18G215000	18	50201788	50203748	-
GLYMA_18G216600	18	50356190	50356411	-
GLYMA_18G225300	18	51349996	51350256	+
GLYMA_18G236300	18	52472647	52474429	-
GLYMA_18G236300	18	52474484	52475056	-
GLYMA_18G236800	18	52565543	52565862	-
GLYMA_18G239200	18	52807753	52808332	+
GLYMA_18G248600	18	53555431	53556911	+
GLYMA_18G248900	18	53562714	53562919	+
GLYMA_18G249400	18	53579000	53579874	+
GLYMA_18G253000	18	53942049	53942135	-
GLYMA_18G254500	18	54082933	54083136	-
GLYMA_18G258700	18	54417541	54418920	-
GLYMA_18G259100	18	54463008	54463152	+
GLYMA_18G260700	18	54660847	54660977	+
GLYMA_18G263900	18	54909926	54911544	-
GLYMA_18G269300	18	55306631	55306706	-
GLYMA_18G269500	18	55324257	55324448	+
GLYMA_18G270500	18	55406396	55408849	+
GLYMA_18G271500	18	55480480	55480623	+
GLYMA_18G272400	18	55551863	55552080	-
GLYMA_18G272700	18	55564785	55564860	-
GLYMA_18G272800	18	55571353	55571434	-
GLYMA_18G273000	18	55578348	55580501	-
GLYMA_18G274400	18	55685528	55686178	-
GLYMA_18G274800	18	55709013	55709144	-
GLYMA_18G275900	18	55809702	55809908	-
GLYMA_18G277500	18	55924216	55924372	-
GLYMA_18G278100	18	55966613	55966684	-
GLYMA_18G278900	18	56020808	56021776	-
GLYMA_18G279000	18	56026961	56028027	-
GLYMA_18G280200	18	56105503	56106082	+
GLYMA_18G281500	18	56239762	56240339	-
GLYMA_18G281600	18	56250285	56252462	-
GLYMA_18G283800	18	56450345	56451478	+
GLYMA_18G284400	18	56503678	56504209	+
GLYMA_18G286700	18	56692591	56692848	+
GLYMA_18G286900	18	56705207	56705527	+
GLYMA_18G291200	18	56991953	56992198	+
GLYMA_18G299700	18	57756308	57756397	-
GLYMA_18G302100	18	57991210	57991300	+
GLYMA_19G001600	19	119264	119709	+
GLYMA_19G008200	19	812684	812749	-
GLYMA_19G009700	19	910290	911144	-
GLYMA_19G010600	19	1012837	1013598	-
GLYMA_19G012300	19	1171446	1172507	-
GLYMA_19G012400	19	1191895	1192899	+
GLYMA_19G013800	19	1297147	1297695	-
GLYMA_19G022700	19	2592003	2592088	-
GLYMA_19G024100	19	2772679	2773338	+
GLYMA_19G033200	19	4299823	4299933	+
GLYMA_19G033300	19	4305575	4306457	-
GLYMA_19G041200	19	6003122	6003245	+
GLYMA_19G046400	19	7141048	7141138	+
GLYMA_19G050600	19	8157276	8157368	-
GLYMA_19G067100	19	18769804	18773985	+
GLYMA_19G070700	19	23598931	23602569	+
GLYMA_19G073200	19	26262107	26262577	+
GLYMA_19G079000	19	28411295	28411806	+
GLYMA_19G079900	19	28951740	28952589	-
GLYMA_19G081300	19	29356213	29357694	-
GLYMA_19G099300	19	34577017	34577528	+
GLYMA_19G100200	19	34720657	34720742	-
GLYMA_19G104500	19	35391634	35391716	-
GLYMA_19G104600	19	35407579	35407792	-
GLYMA_19G110600	19	36451611	36451681	+
GLYMA_19G116200	19	37159355	37159542	+
GLYMA_19G117600	19	37379413	37382725	+
GLYMA_19G118000	19	37469599	37470668	+
GLYMA_19G118300	19	37512121	37512209	-
GLYMA_19G122400	19	38065434	38065506	-
GLYMA_19G125100	19	38313108	38315278	+
GLYMA_19G125700	19	38405015	38405396	+
GLYMA_19G126300	19	38461478	38461684	-
GLYMA_19G126700	19	38535073	38536137	+
GLYMA_19G127400	19	38594601	38595712	-
GLYMA_19G128100	19	38730333	38730456	+
GLYMA_19G131200	19	39177130	39177689	-
GLYMA_19G131700	19	39221308	39223178	-
GLYMA_19G132100	19	39272588	39274936	+
GLYMA_19G132300	19	39296144	39296853	-
GLYMA_19G140200	19	40169730	40169881	-
GLYMA_19G142400	19	40340290	40341079	-
GLYMA_19G142600	19	40370009	40371476	+
GLYMA_19G149400	19	40970759	40972108	+
GLYMA_19G159500	19	42030359	42031058	+
GLYMA_19G161000	19	42173405	42173558	-
GLYMA_19G168200	19	42910257	42910669	+
GLYMA_19G170400	19	43115143	43115478	-
GLYMA_19G176300	19	43621398	43621467	-
GLYMA_19G179800	19	43867780	43867903	-
GLYMA_19G180400	19	43926168	43926293	+
GLYMA_19G181000	19	43982713	43982853	+
GLYMA_19G181900	19	44049278	44049385	-
GLYMA_19G183000	19	44166249	44166368	+
GLYMA_19G188200	19	44649281	44649417	-
GLYMA_19G188300	19	44657333	44657417	+
GLYMA_19G192300	19	44957475	44958211	-
GLYMA_19G194900	19	45228100	45228501	+
GLYMA_19G195600	19	45275068	45276705	-
GLYMA_19G196300	19	45342633	45342704	+
GLYMA_19G199100	19	45624232	45624669	-
GLYMA_19G201000	19	45806094	45806224	-
GLYMA_19G201200	19	45833737	45833877	+
GLYMA_19G201400	19	45859685	45860005	+
GLYMA_19G203700	19	46012850	46012938	-
GLYMA_19G214400	19	46765195	46765297	-
GLYMA_19G218200	19	47090446	47090847	+
GLYMA_19G218500	19	47107195	47107342	-
GLYMA_19G221700	19	47352717	47352782	-
GLYMA_19G224200	19	47637656	47638045	+
GLYMA_19G224800	19	47701990	47702132	+
GLYMA_19G225300	19	47733378	47733802	+
GLYMA_19G225400	19	47741420	47741667	+
GLYMA_19G227800	19	47912921	47913532	+
GLYMA_19G229700	19	48069582	48069695	+
GLYMA_19G230200	19	48103548	48104046	+
GLYMA_19G232400	19	48255830	48257081	-
GLYMA_19G240200	19	48813128	48813636	-
GLYMA_19G243700	19	49118186	49118377	-
GLYMA_19G247700	19	49383781	49385117	+
GLYMA_19G250700	19	49670143	49670234	+
GLYMA_19G252100	19	49765825	49765898	+
GLYMA_19G255000	19	49968329	49968735	-
GLYMA_19G255100	19	49972122	49973997	+
GLYMA_19G257300	19	50125042	50125473	-
GLYMA_19G262700	19	50544480	50544591	+
GLYMA_19G263600	19	50631872	50635300	+
GLYMA_19G264200	19	50732459	50732739	-
GLYMA_02G000300	2	28134	28283	+
GLYMA_02G000800	2	90107	90310	+
GLYMA_02G005700	2	628691	628765	+
GLYMA_02G007000	2	744382	744475	-
GLYMA_02G010200	2	979990	980490	+
GLYMA_02G011700	2	1079076	1079208	-
GLYMA_02G019100	2	1683404	1683531	+
GLYMA_02G021500	2	1905660	1905729	-
GLYMA_02G023900	2	2142248	2142447	+
GLYMA_02G024100	2	2146561	2149255	-
GLYMA_02G032600	2	2983956	2984524	-
GLYMA_02G038400	2	3577606	3577875	-
GLYMA_02G040000	2	3753684	3753985	+
GLYMA_02G040800	2	3835433	3835835	-
GLYMA_02G041500	2	3907405	3907650	+
GLYMA_02G044700	2	4137198	4139159	-
GLYMA_02G048400	2	4442233	4443630	-
GLYMA_02G051400	2	4657900	4658041	-
GLYMA_02G051600	2	4680790	4681354	+
GLYMA_02G055400	2	5003216	5003306	-
GLYMA_02G055800	2	5023819	5024326	+
GLYMA_02G059200	2	5330787	5333747	+
GLYMA_02G059800	2	5385089	5386371	-
GLYMA_02G060200	2	5458861	5460720	-
GLYMA_02G061400	2	5565826	5566163	-
GLYMA_02G063400	2	5688699	5689694	-
GLYMA_02G070800	2	6237857	6238377	+
GLYMA_02G073100	2	6395578	6395692	+
GLYMA_02G074400	2	6503102	6503209	+
GLYMA_02G078500	2	6769545	6770261	+
GLYMA_02G081100	2	7009215	7009322	-
GLYMA_02G081600	2	7054491	7055306	-
GLYMA_02G083800	2	7300464	7302159	-
GLYMA_02G084400	2	7355259	7355324	+
GLYMA_02G085800	2	7479829	7479989	-
GLYMA_02G086000	2	7491456	7492680	+
GLYMA_02G086600	2	7541694	7543352	-
GLYMA_02G095700	2	8620926	8621217	+
GLYMA_02G097100	2	8722859	8723368	-
GLYMA_02G102000	2	9671874	9673065	+
GLYMA_02G102600	2	9712457	9712534	-
GLYMA_02G106200	2	10129276	10129376	-
GLYMA_02G107800	2	10286010	10286868	-
GLYMA_02G109200	2	10484963	10485735	-
GLYMA_02G110000	2	10569270	10569394	+
GLYMA_02G117100	2	11401962	11402069	-
GLYMA_02G121300	2	12007908	12010772	-
GLYMA_02G121800	2	12106385	12106476	+
GLYMA_02G124600	2	12463546	12463991	+
GLYMA_02G130600	2	13410887	13410975	-
GLYMA_02G131600	2	13578129	13579092	+
GLYMA_02G140100	2	14531763	14532967	+
GLYMA_02G141400	2	14621414	14622036	+
GLYMA_02G144900	2	14947693	14947831	-
GLYMA_02G146100	2	15081352	15081454	+
GLYMA_02G147000	2	15171273	15172278	-
GLYMA_02G148100	2	15278351	15278958	-
GLYMA_02G150100	2	15428032	15428329	-
GLYMA_02G153500	2	15762447	15764270	-
GLYMA_02G157700	2	17065156	17065376	-
GLYMA_02G158400	2	17320088	17320239	+
GLYMA_02G159500	2	17749268	17755202	+
GLYMA_02G168000	2	25884718	25885211	+
GLYMA_02G168100	2	25904075	25904437	-
GLYMA_02G170300	2	26380358	26380502	+
GLYMA_02G172300	2	27327488	27327588	-
GLYMA_02G174600	2	27957242	27957725	-
GLYMA_02G179400	2	30408494	30408638	-
GLYMA_02G184400	2	32185720	32186750	-
GLYMA_02G188000	2	34825809	34826408	+
GLYMA_02G188500	2	35064501	35065412	-
GLYMA_02G192600	2	36418181	36418592	-
GLYMA_02G193700	2	36673142	36673342	+
GLYMA_02G195000	2	36852945	36854595	+
GLYMA_02G199300	2	38246209	38246588	+
GLYMA_02G200000	2	38337875	38337955	+
GLYMA_02G202700	2	38778445	38778773	-
GLYMA_02G206700	2	39169254	39171031	-
GLYMA_02G207000	2	39180473	39180596	-
GLYMA_02G207900	2	39271161	39272035	-
GLYMA_02G210000	2	39521636	39527775	-
GLYMA_02G216500	2	40331735	40334175	-
GLYMA_02G219800	2	40784159	40784667	-
GLYMA_02G221600	2	40923504	40924040	+
GLYMA_02G226000	2	41297773	41297967	+
GLYMA_02G231800	2	41897101	41899436	+
GLYMA_02G235400	2	42291991	42292446	+
GLYMA_02G237700	2	42603027	42604448	-
GLYMA_02G241900	2	43027592	43029735	-
GLYMA_02G246000	2	43411857	43412443	-
GLYMA_02G252400	2	43946870	43946952	+
GLYMA_02G254400	2	44145346	44147287	-
GLYMA_02G255200	2	44226276	44226701	-
GLYMA_02G255500	2	44240726	44240814	-
GLYMA_02G256700	2	44310505	44311042	-
GLYMA_02G256900	2	44346606	44349077	-
GLYMA_02G259300	2	44633161	44633402	-
GLYMA_02G261200	2	44740672	44740810	-
GLYMA_02G263300	2	44894133	44894356	-
GLYMA_02G267900	2	45251011	45251122	+
GLYMA_02G275000	2	45808932	45809035	+
GLYMA_02G278200	2	46075829	46075935	+
GLYMA_02G278400	2	46095353	46095654	-
GLYMA_02G285700	2	46662364	46662919	+
GLYMA_02G286200	2	46706628	46707081	+
GLYMA_02G287600	2	46791759	46792873	+
GLYMA_02G288300	2	46847456	46847603	-
GLYMA_02G291800	2	47113317	47113865	+
GLYMA_02G293300	2	47200644	47201152	+
GLYMA_02G299700	2	47654642	47654739	+
GLYMA_02G303800	2	47897874	47898400	-
GLYMA_02G307400	2	48170211	48170452	-
GLYMA_02G308900	2	48266287	48266405	-
GLYMA_02G311200	2	48462909	48463123	-
GLYMA_20G000500	20	43410	44151	-
GLYMA_20G003100	20	289215	291029	-
GLYMA_20G006500	20	632932	633091	-
GLYMA_20G007700	20	707888	708592	-
GLYMA_20G013600	20	1214478	1214951	+
GLYMA_20G019800	20	2055973	2056927	+
GLYMA_20G020200	20	2076523	2076601	-
GLYMA_20G021200	20	2153146	2155459	-
GLYMA_20G022700	20	2355174	2356466	-
GLYMA_20G022900	20	2422275	2422452	-
GLYMA_20G023100	20	2447937	2448381	+
GLYMA_20G023400	20	2498517	2498890	+
GLYMA_20G024400	20	2643690	2643772	-
GLYMA_20G025100	20	2723449	2723586	+
GLYMA_20G031500	20	3884673	3884746	+
GLYMA_20G034200	20	4732418	4732572	-
GLYMA_20G037600	20	5784504	5784599	+
GLYMA_20G038300	20	5968463	5968708	-
GLYMA_20G042000	20	7516758	7517542	+
GLYMA_20G045800	20	8518776	8519637	+
GLYMA_20G047600	20	8978581	8980980	-
GLYMA_20G050700	20	10734031	10734167	+
GLYMA_20G056000	20	13733751	13733825	+
GLYMA_20G058100	20	17107884	17113427	-
GLYMA_20G062800	20	20213639	20214635	+
GLYMA_20G063200	20	20475190	20477220	-
GLYMA_20G064300	20	21770478	21770679	+
GLYMA_20G082800	20	31236884	31244297	-
GLYMA_20G085700	20	31982019	31982308	-
GLYMA_20G086200	20	32076606	32079499	+
GLYMA_20G087000	20	32528808	32528993	+
GLYMA_20G087300	20	32682114	32682677	-
GLYMA_20G097400	20	34034687	34034840	+
GLYMA_20G097600	20	34075056	34075940	-
GLYMA_20G098100	20	34136551	34138480	-
GLYMA_20G106700	20	34927019	34927988	-
GLYMA_20G107200	20	34988018	34988136	+
GLYMA_20G108700	20	35114756	35114870	-
GLYMA_20G114300	20	35603080	35603625	+
GLYMA_20G118000	20	36089856	36091416	+
GLYMA_20G120600	20	36318858	36320681	-
GLYMA_20G124700	20	36711194	36711392	+
GLYMA_20G125400	20	36757916	36758629	+
GLYMA_20G127800	20	36964915	36967806	+
GLYMA_20G131500	20	37214095	37214396	-
GLYMA_20G131700	20	37235969	37236505	-
GLYMA_20G138400	20	37778575	37778613	-
GLYMA_20G140300	20	37914392	37914462	+
GLYMA_20G140400	20	37920289	37920432	-
GLYMA_20G141600	20	38038131	38038358	+
GLYMA_20G142300	20	38099452	38099603	-
GLYMA_20G142400	20	38100120	38100396	-
GLYMA_20G142500	20	38106060	38106142	-
GLYMA_20G143700	20	38229220	38229537	-
GLYMA_20G143800	20	38242729	38246132	+
GLYMA_20G144500	20	38299424	38300746	-
GLYMA_20G148700	20	38742051	38742256	+
GLYMA_20G150300	20	38923063	38923602	+
GLYMA_20G154800	20	39367518	39367732	-
GLYMA_20G156200	20	39505860	39508538	+
GLYMA_20G160600	20	39884266	39884676	-
GLYMA_20G160800	20	39889549	39889899	-
GLYMA_20G167700	20	40552873	40553008	-
GLYMA_20G172400	20	41009086	41010250	+
GLYMA_20G173100	20	41067965	41068723	+
GLYMA_20G174600	20	41204827	41204952	-
GLYMA_20G179500	20	41696523	41696757	+
GLYMA_20G179600	20	41719542	41719666	-
GLYMA_20G184000	20	42210051	42210472	-
GLYMA_20G186900	20	42555463	42555548	+
GLYMA_20G189900	20	42864914	42867638	+
GLYMA_20G192300	20	43099929	43100027	-
GLYMA_20G193700	20	43247315	43247409	-
GLYMA_20G195100	20	43355008	43355097	-
GLYMA_20G195400	20	43374361	43374435	-
GLYMA_20G195800	20	43407591	43407721	-
GLYMA_20G198100	20	43550931	43552169	-
GLYMA_20G200200	20	43764589	43765299	-
GLYMA_20G200900	20	43807279	43807387	-
GLYMA_20G204700	20	44169128	44170466	-
GLYMA_20G206700	20	44348798	44350263	+
GLYMA_20G208100	20	44477602	44477699	-
GLYMA_20G213300	20	44980343	44980470	+
GLYMA_20G218000	20	45382559	45382635	-
GLYMA_20G218200	20	45397502	45397588	-
GLYMA_20G219000	20	45487438	45487572	-
GLYMA_20G222300	20	45709817	45709903	-
GLYMA_20G223000	20	45757749	45758977	-
GLYMA_20G225400	20	45970823	45971725	+
GLYMA_20G229400	20	46367547	46367630	+
GLYMA_20G232300	20	46584199	46585395	+
GLYMA_20G236300	20	46862791	46863285	-
GLYMA_20G237500	20	46940544	46940834	-
GLYMA_20G239200	20	47067630	47067802	-
GLYMA_20G241200	20	47230945	47231020	+
GLYMA_20G242400	20	47321099	47321195	-
GLYMA_20G244200	20	47439621	47439766	+
GLYMA_20G245200	20	47571009	47571107	+
GLYMA_20G246400	20	47651746	47653079	-
GLYMA_20G247400	20	47692117	47692233	+
GLYMA_20G247900	20	47733816	47733895	+
GLYMA_03G006500	3	589540	593659	+
GLYMA_03G010700	3	1038463	1039150	+
GLYMA_03G016600	3	1630344	1631158	-
GLYMA_03G019500	3	2005708	2005947	+
GLYMA_03G027200	3	2997195	2997331	+
GLYMA_03G031800	3	3604262	3604348	-
GLYMA_03G031900	3	3634509	3634849	-
GLYMA_03G032100	3	3654632	3656284	-
GLYMA_03G032200	3	3665417	3665563	-
GLYMA_03G032700	3	3741106	3742032	-
GLYMA_03G033200	3	3848036	3849971	-
GLYMA_03G036500	3	4405638	4405757	+
GLYMA_03G037100	3	4541977	4542063	+
GLYMA_03G039300	3	4893556	4893645	+
GLYMA_03G041100	3	5194814	5194909	-
GLYMA_03G044400	3	5652168	5652392	-
GLYMA_03G057100	3	8004100	8004192	+
GLYMA_03G058800	3	8489954	8490062	-
GLYMA_03G059300	3	8609052	8609638	-
GLYMA_03G061300	3	9208900	9209402	+
GLYMA_03G064200	3	10555921	10556025	-
GLYMA_03G065100	3	11411878	11412420	-
GLYMA_03G065300	3	11447517	11447601	-
GLYMA_03G066000	3	12113109	12114807	-
GLYMA_03G066100	3	12717336	12719252	-
GLYMA_03G066700	3	13375950	13376021	-
GLYMA_03G069300	3	14504242	14504526	-
GLYMA_03G070400	3	16490069	16490935	-
GLYMA_03G074700	3	18552818	18553575	-
GLYMA_03G077300	3	19176405	19177609	-
GLYMA_03G079800	3	20393675	20394563	-
GLYMA_03G081200	3	21875933	21876001	+
GLYMA_03G082400	3	22823289	22823608	+
GLYMA_03G088200	3	26189692	26189826	+
GLYMA_03G092800	3	27509243	27511814	-
GLYMA_03G100800	3	28987787	28988234	+
GLYMA_03G109000	3	30952752	30953417	-
GLYMA_03G116400	3	32509380	32509449	-
GLYMA_03G122300	3	33525942	33526078	-
GLYMA_03G123000	3	33578326	33579350	-
GLYMA_03G123400	3	33635119	33635715	-
GLYMA_03G127600	3	34175661	34175818	-
GLYMA_03G128200	3	34261307	34261464	+
GLYMA_03G129000	3	34382957	34383046	+
GLYMA_03G131300	3	34643878	34644133	-
GLYMA_03G134700	3	35002558	35003097	+
GLYMA_03G135600	3	35110124	35110556	-
GLYMA_03G139100	3	35534498	35534842	-
GLYMA_03G141500	3	35748414	35749591	-
GLYMA_03G141600	3	35758501	35759978	+
GLYMA_03G141800	3	35785417	35785511	+
GLYMA_03G147100	3	36270830	36271181	-
GLYMA_03G152400	3	36748384	36750146	+
GLYMA_03G154800	3	37021632	37023579	-
GLYMA_03G155200	3	37046364	37047659	+
GLYMA_03G156200	3	37141707	37142845	+
GLYMA_03G157300	3	37268665	37269367	+
GLYMA_03G158000	3	37345375	37347613	-
GLYMA_03G164000	3	37867759	37868027	+
GLYMA_03G168500	3	38280394	38280543	-
GLYMA_03G168700	3	38307400	38307506	-
GLYMA_03G169100	3	38336751	38336900	-
GLYMA_03G169300	3	38355089	38355753	+
GLYMA_03G171500	3	38601483	38601563	+
GLYMA_03G178000	3	39065625	39065741	-
GLYMA_03G179100	3	39139044	39139175	-
GLYMA_03G180100	3	39221970	39222922	+
GLYMA_03G184100	3	39596739	39597426	-
GLYMA_03G188000	3	39933504	39933639	-
GLYMA_03G190900	3	40172632	40173173	+
GLYMA_03G191100	3	40193600	40194307	+
GLYMA_03G199900	3	40880498	40882006	+
GLYMA_03G205800	3	41370831	41371693	-
GLYMA_03G206500	3	41409503	41409884	-
GLYMA_03G207400	3	41487264	41487753	-
GLYMA_03G207800	3	41509043	41509142	-
GLYMA_03G212100	3	41819768	41820208	+
GLYMA_03G214800	3	41945967	41946393	-
GLYMA_03G219600	3	42305004	42305877	-
GLYMA_03G221200	3	42435381	42435785	+
GLYMA_03G222600	3	42551022	42551117	+
GLYMA_03G224900	3	42723668	42723786	+
GLYMA_03G225600	3	42791048	42791256	-
GLYMA_03G228100	3	43025905	43026152	+
GLYMA_03G232700	3	43369517	43369596	+
GLYMA_03G232900	3	43380914	43380984	+
GLYMA_03G234200	3	43478898	43479464	+
GLYMA_03G240000	3	43875650	43875913	+
GLYMA_03G241300	3	43961614	43962287	+
GLYMA_03G241600	3	43982590	43984111	+
GLYMA_03G242700	3	44058836	44058901	-
GLYMA_03G242900	3	44078038	44078582	+
GLYMA_03G244600	3	44208670	44208747	+
GLYMA_03G248300	3	44478194	44478446	-
GLYMA_03G253100	3	44880871	44880960	+
GLYMA_03G254100	3	44936392	44937078	+
GLYMA_03G256600	3	45153098	45154195	+
GLYMA_03G258800	3	45318631	45319149	+
GLYMA_03G260400	3	45426190	45426310	+
GLYMA_03G262200	3	45557459	45557668	+
GLYMA_04G002100	4	179217	179413	+
GLYMA_04G002200	4	187725	187840	-
GLYMA_04G002700	4	219166	222203	-
GLYMA_04G002800	4	223611	223678	+
GLYMA_04G003300	4	278374	278526	-
GLYMA_04G004100	4	348590	348681	+
GLYMA_04G008000	4	615664	615747	+
GLYMA_04G012700	4	953207	953470	-
GLYMA_04G013500	4	1027821	1027952	+
GLYMA_04G014400	4	1112102	1112541	+
GLYMA_04G017200	4	1310089	1311099	+
GLYMA_04G017600	4	1373992	1374607	-
GLYMA_04G018200	4	1423069	1423479	-
GLYMA_04G018900	4	1488572	1488676	+
GLYMA_04G019200	4	1514557	1514657	+
GLYMA_04G021600	4	1704394	1704642	+
GLYMA_04G023700	4	1887235	1887324	-
GLYMA_04G029100	4	2365698	2365873	+
GLYMA_04G030700	4	2493840	2494856	-
GLYMA_04G032000	4	2567084	2567664	-
GLYMA_04G033400	4	2662775	2662842	-
GLYMA_04G039300	4	3118049	3119520	+
GLYMA_04G041200	4	3281980	3282443	-
GLYMA_04G044800	4	3582741	3582819	-
GLYMA_04G047300	4	3797271	3797398	+
GLYMA_04G049800	4	4041854	4044744	-
GLYMA_04G050200	4	4077519	4079214	-
GLYMA_04G052200	4	4239225	4239309	-
GLYMA_04G052300	4	4246035	4248246	-
GLYMA_04G053600	4	4354576	4354671	+
GLYMA_04G057100	4	4626576	4626841	-
GLYMA_04G058500	4	4803687	4804116	-
GLYMA_04G059300	4	4859385	4860470	+
GLYMA_04G064000	4	5320824	5321068	+
GLYMA_04G065500	4	5444807	5445125	-
GLYMA_04G065900	4	5500840	5502554	-
GLYMA_04G068900	4	5758638	5759868	+
GLYMA_04G069900	4	5838075	5839397	-
GLYMA_04G070000	4	5843562	5843690	+
GLYMA_04G072700	4	6065152	6066065	-
GLYMA_04G075900	4	6351611	6353655	-
GLYMA_04G077900	4	6517912	6518133	+
GLYMA_04G078600	4	6594639	6594880	-
GLYMA_04G082800	4	6979291	6982697	-
GLYMA_04G084800	4	7188457	7192557	+
GLYMA_04G085300	4	7267210	7267325	-
GLYMA_04G086300	4	7341129	7341620	+
GLYMA_04G090300	4	7947164	7947277	+
GLYMA_04G090900	4	8001164	8001280	-
GLYMA_04G093600	4	8311462	8313505	-
GLYMA_04G100600	4	9240035	9240202	-
GLYMA_04G101000	4	9283118	9283998	-
GLYMA_04G101400	4	9328618	9329301	-
GLYMA_04G102400	4	9436047	9436133	-
GLYMA_04G104100	4	9800459	9800546	+
GLYMA_04G104200	4	9808061	9810735	-
GLYMA_04G104500	4	9892685	9893210	-
GLYMA_04G107400	4	11282284	11282426	+
GLYMA_04G110900	4	12249818	12250819	-
GLYMA_04G111200	4	12286031	12288393	+
GLYMA_04G113700	4	12909237	12909311	-
GLYMA_04G113800	4	12932426	12932980	+
GLYMA_04G113900	4	12940518	12940651	+
GLYMA_04G114700	4	12999053	12999150	+
GLYMA_04G115600	4	13270507	13270609	-
GLYMA_04G115800	4	13311843	13312359	-
GLYMA_04G116900	4	13698477	13699250	+
GLYMA_04G126400	4	17001323	17001553	+
GLYMA_04G126400	4	17001668	17001779	+
GLYMA_04G132300	4	18690749	18690832	-
GLYMA_04G141300	4	23725504	23725632	+
GLYMA_04G142100	4	24362087	24364926	-
GLYMA_04G142300	4	24723843	24723918	-
GLYMA_04G145600	4	26762244	26762359	+
GLYMA_04G146000	4	27358777	27359004	-
GLYMA_04G152100	4	33959329	33960164	-
GLYMA_04G153100	4	34623439	34623521	-
GLYMA_04G155500	4	36313496	36314004	+
GLYMA_04G157900	4	38400319	38400643	+
GLYMA_04G159600	4	39580211	39580706	+
GLYMA_04G161300	4	39979110	39979358	+
GLYMA_04G162100	4	40206815	40210081	+
GLYMA_04G165500	4	41394623	41395793	+
GLYMA_04G165600	4	41485054	41485646	+
GLYMA_04G166600	4	41835046	41835147	+
GLYMA_04G168100	4	42175095	42175173	+
GLYMA_04G170100	4	42543213	42543491	-
GLYMA_04G170400	4	42658174	42658713	+
GLYMA_04G176400	4	43927448	43927695	+
GLYMA_04G177200	4	44042903	44043067	-
GLYMA_04G184400	4	45382363	45382499	+
GLYMA_04G185600	4	45566544	45566808	+
GLYMA_04G188200	4	45910127	45910277	+
GLYMA_04G189100	4	46004374	46004454	-
GLYMA_04G196700	4	46848719	46849560	-
GLYMA_04G199400	4	47157250	47157348	+
GLYMA_04G202400	4	47516966	47517053	-
GLYMA_04G202600	4	47526267	47526557	-
GLYMA_04G203600	4	47627501	47632020	+
GLYMA_04G212900	4	48455184	48460090	-
GLYMA_04G216900	4	48795261	48795426	-
GLYMA_04G220300	4	49093638	49093787	-
GLYMA_04G220900	4	49181051	49182037	+
GLYMA_04G224600	4	49498419	49498633	-
GLYMA_04G224900	4	49521177	49521402	+
GLYMA_04G225400	4	49553190	49553278	-
GLYMA_04G226500	4	49611884	49612004	-
GLYMA_04G232300	4	50069805	50069996	+
GLYMA_04G235700	4	50378660	50379342	+
GLYMA_04G236300	4	50452357	50452512	+
GLYMA_04G237400	4	50595195	50595780	-
GLYMA_04G238600	4	50717078	50717375	-
GLYMA_04G239400	4	50787280	50787428	-
GLYMA_04G239800	4	50828217	50828817	-
GLYMA_04G247000	4	51428660	51430383	-
GLYMA_04G248300	4	51539991	51540290	-
GLYMA_04G248400	4	51546897	51546989	-
GLYMA_04G253400	4	52010794	52014170	-
GLYMA_04G253600	4	52031768	52031973	+
GLYMA_05G001000	5	91295	91364	-
GLYMA_05G001700	5	132561	132639	+
GLYMA_05G003400	5	240486	240869	-
GLYMA_05G007100	5	687528	687775	+
GLYMA_05G007200	5	693157	693549	-
GLYMA_05G009800	5	847359	847484	+
GLYMA_05G010200	5	881392	882345	-
GLYMA_05G011400	5	1014087	1014583	+
GLYMA_05G016000	5	1448292	1448408	+
GLYMA_05G018400	5	1622353	1622477	-
GLYMA_05G025000	5	2178881	2179362	-
GLYMA_05G029300	5	2522183	2522311	+
GLYMA_05G029900	5	2568100	2569336	-
GLYMA_05G031700	5	2754227	2754393	+
GLYMA_05G031800	5	2761847	2763548	+
GLYMA_05G034200	5	2997788	2997858	+
GLYMA_05G034600	5	3037831	3038899	+
GLYMA_05G036900	5	3261235	3261329	+
GLYMA_05G038600	5	3431699	3433749	+
GLYMA_05G041600	5	3733357	3733476	+
GLYMA_05G051500	5	4616879	4616971	-
GLYMA_05G054500	5	4959282	4960870	+
GLYMA_05G054700	5	4982213	4982295	-
GLYMA_05G055000	5	4997005	4998161	-
GLYMA_05G056000	5	5109333	5109518	+
GLYMA_05G058100	5	5380237	5381046	-
GLYMA_05G063100	5	5998783	5999384	-
GLYMA_05G067700	5	6845344	6845440	+
GLYMA_05G067900	5	6873604	6873680	+
GLYMA_05G075000	5	9134760	9135102	-
GLYMA_05G075100	5	9240670	9243885	-
GLYMA_05G076800	5	9922895	9923893	-
GLYMA_05G082100	5	12747666	12747819	-
GLYMA_05G087300	5	17493913	17494280	+
GLYMA_05G089100	5	19452490	19452834	-
GLYMA_05G089900	5	19879478	19880595	-
GLYMA_05G101800	5	27065048	27065362	+
GLYMA_05G103900	5	27693976	27694063	+
GLYMA_05G104000	5	27697195	27697964	-
GLYMA_05G107800	5	28593979	28594243	-
GLYMA_05G111900	5	29762265	29762913	+
GLYMA_05G113600	5	30109839	30111066	-
GLYMA_05G120200	5	31323368	31323565	+
GLYMA_05G122100	5	31564171	31564289	+
GLYMA_05G123100	5	31678714	31681577	+
GLYMA_05G128100	5	32157163	32157247	+
GLYMA_05G128200	5	32158579	32159176	-
GLYMA_05G130200	5	32313876	32314825	+
GLYMA_05G132200	5	32521909	32522167	-
GLYMA_05G135700	5	32797313	32799583	+
GLYMA_05G135900	5	32829060	32830628	-
GLYMA_05G136100	5	32846604	32846892	-
GLYMA_05G137000	5	32965910	32966943	-
GLYMA_05G138600	5	33093482	33094821	-
GLYMA_05G141000	5	33441287	33441398	-
GLYMA_05G142200	5	33566203	33566333	-
GLYMA_05G143400	5	33706450	33707578	+
GLYMA_05G143500	5	33742806	33742934	+
GLYMA_05G145800	5	33955715	33955901	+
GLYMA_05G152000	5	34549030	34549821	-
GLYMA_05G152300	5	34590979	34591160	+
GLYMA_05G159000	5	35116853	35117060	-
GLYMA_05G160900	5	35265694	35265799	+
GLYMA_05G162400	5	35357658	35358499	+
GLYMA_05G162700	5	35380471	35381083	-
GLYMA_05G165600	5	35617793	35617868	-
GLYMA_05G178800	5	36676016	36676672	-
GLYMA_05G180000	5	36818636	36819073	-
GLYMA_05G184900	5	37169044	37169170	+
GLYMA_05G188500	5	37447129	37447555	+
GLYMA_05G191900	5	37750204	37750305	+
GLYMA_05G194800	5	37927857	37928804	-
GLYMA_05G195100	5	37944987	37945225	-
GLYMA_05G197000	5	38129060	38129264	+
GLYMA_05G202600	5	38611807	38611951	+
GLYMA_05G205300	5	38843666	38843779	+
GLYMA_05G206200	5	38905390	38905504	-
GLYMA_05G206300	5	38917372	38917959	+
GLYMA_05G207000	5	38942233	38942367	-
GLYMA_05G207200	5	38946692	38947054	+
GLYMA_05G207600	5	38975959	38976746	-
GLYMA_05G210900	5	39265322	39265419	+
GLYMA_05G215800	5	39635411	39635629	+
GLYMA_05G219200	5	39877631	39878473	-
GLYMA_05G225700	5	40432898	40439268	+
GLYMA_05G229100	5	40676729	40677067	-
GLYMA_05G231100	5	40886014	40886197	-
GLYMA_05G234100	5	41125563	41125642	-
GLYMA_05G234600	5	41164808	41165136	+
GLYMA_05G241800	5	41689875	41690584	-
GLYMA_05G244300	5	41877144	41877239	+
GLYMA_05G244900	5	41910715	41911051	+
GLYMA_05G247800	5	42107057	42107164	-
GLYMA_06G000400	6	47095	47284	-
GLYMA_06G000800	6	103582	104342	+
GLYMA_06G002200	6	202830	203101	-
GLYMA_06G003100	6	263323	263478	+
GLYMA_06G003800	6	347452	347543	+
GLYMA_06G005900	6	475915	476015	-
GLYMA_06G007000	6	528074	528243	-
GLYMA_06G007700	6	608048	609075	+
GLYMA_06G015100	6	1137126	1137193	-
GLYMA_06G019200	6	1461787	1461893	+
GLYMA_06G019300	6	1468823	1468921	-
GLYMA_06G027300	6	2112325	2112412	+
GLYMA_06G028200	6	2199942	2200152	+
GLYMA_06G029300	6	2294060	2295321	+
GLYMA_06G029600	6	2314382	2314518	-
GLYMA_06G032400	6	2504972	2505273	-
GLYMA_06G033300	6	2576227	2577195	+
GLYMA_06G033400	6	2580628	2582102	+
GLYMA_06G035700	6	2747295	2747481	-
GLYMA_06G036100	6	2773407	2773624	+
GLYMA_06G038700	6	2936152	2936218	+
GLYMA_06G039600	6	2997200	2997265	+
GLYMA_06G043100	6	3293405	3294746	-
GLYMA_06G044100	6	3353715	3353811	+
GLYMA_06G045900	6	3481838	3481913	+
GLYMA_06G049400	6	3718865	3718957	-
GLYMA_06G050600	6	3845522	3847945	-
GLYMA_06G052500	6	3955768	3959577	+
GLYMA_06G053400	6	4047353	4048442	+
GLYMA_06G053500	6	4056186	4056708	+
GLYMA_06G062000	6	4655948	4656041	-
GLYMA_06G067300	6	5146852	5146950	-
GLYMA_06G068500	6	5254301	5256801	-
GLYMA_06G069000	6	5290547	5290618	+
GLYMA_06G070400	6	5395299	5395389	+
GLYMA_06G075800	6	5868202	5868339	+
GLYMA_06G076300	6	5903212	5903302	+
GLYMA_06G079300	6	6100592	6100697	-
GLYMA_06G081400	6	6264244	6264362	-
GLYMA_06G084800	6	6516215	6516374	-
GLYMA_06G086200	6	6654733	6655302	+
GLYMA_06G086300	6	6658231	6660908	+
GLYMA_06G086400	6	6671751	6672016	-
GLYMA_06G086800	6	6721636	6722008	-
GLYMA_06G093600	6	7385939	7386023	+
GLYMA_06G095700	6	7562041	7562759	-
GLYMA_06G097300	6	7686525	7686608	-
GLYMA_06G097400	6	7701569	7703174	+
GLYMA_06G098100	6	7787054	7787538	+
GLYMA_06G098800	6	7869850	7869916	+
GLYMA_06G101500	6	8053006	8053114	-
GLYMA_06G102300	6	8112472	8112750	+
GLYMA_06G104200	6	8293615	8293739	-
GLYMA_06G105100	6	8404645	8405243	+
GLYMA_06G107700	6	8661729	8661878	+
GLYMA_06G116300	6	9462716	9463755	+
GLYMA_06G117300	6	9542060	9542213	-
GLYMA_06G120200	6	9775642	9775948	-
GLYMA_06G126100	6	10317000	10317066	-
GLYMA_06G127600	6	10477274	10477372	-
GLYMA_06G132000	6	10870086	10870203	-
GLYMA_06G132100	6	10877928	10878101	-
GLYMA_06G132900	6	10948743	10949351	-
GLYMA_06G133300	6	10968757	10968981	+
GLYMA_06G136700	6	11192289	11193167	+
GLYMA_06G137600	6	11250944	11251042	+
GLYMA_06G138000	6	11264386	11264475	-
GLYMA_06G138200	6	11289893	11289978	-
GLYMA_06G139000	6	11342537	11342625	+
GLYMA_06G145500	6	11874267	11874767	-
GLYMA_06G146000	6	11925120	11925230	+
GLYMA_06G153300	6	12524174	12524645	+
GLYMA_06G154400	6	12585201	12585624	-
GLYMA_06G154700	6	12606448	12606540	+
GLYMA_06G158900	6	13093048	13094192	-
GLYMA_06G161000	6	13307118	13308274	+
GLYMA_06G162000	6	13380414	13380948	-
GLYMA_06G163500	6	13501482	13501792	+
GLYMA_06G166500	6	13870594	13871109	-
GLYMA_06G166800	6	13905793	13905946	+
GLYMA_06G171500	6	14360174	14360271	-
GLYMA_06G172800	6	14510419	14510683	-
GLYMA_06G174600	6	14743966	14744411	-
GLYMA_06G177100	6	14980800	14981231	-
GLYMA_06G177800	6	15053748	15053852	-
GLYMA_06G180500	6	15316990	15317070	-
GLYMA_06G181500	6	15494635	15494783	-
GLYMA_06G186900	6	16255963	16256907	-
GLYMA_06G188100	6	16413700	16415454	-
GLYMA_06G192000	6	16960864	16960975	+
GLYMA_06G195800	6	17585869	17587012	+
GLYMA_06G196300	6	17621231	17622117	-
GLYMA_06G198000	6	17993805	17993885	+
GLYMA_06G198600	6	18062907	18063004	-
GLYMA_06G204400	6	19253058	19253621	-
GLYMA_06G208500	6	20374440	20375252	-
GLYMA_06G209000	6	20531886	20534013	+
GLYMA_06G214700	6	22066764	22067420	+
GLYMA_06G218000	6	23316157	23317584	+
GLYMA_06G219400	6	24650689	24652080	-
GLYMA_06G225100	6	30792117	30792803	+
GLYMA_06G227200	6	34426854	34427076	+
GLYMA_06G230800	6	36033085	36033395	+
GLYMA_06G232100	6	36445492	36446389	-
GLYMA_06G232400	6	36699189	36700798	-
GLYMA_06G237200	6	38664373	38664594	+
GLYMA_06G238400	6	38961513	38961719	-
GLYMA_06G240700	6	39764809	39765361	+
GLYMA_06G241600	6	39950220	39950601	+
GLYMA_06G242900	6	40400738	40401303	-
GLYMA_06G256700	6	43896518	43896599	+
GLYMA_06G263900	6	45142508	45142614	+
GLYMA_06G265100	6	45240868	45240944	+
GLYMA_06G266800	6	45479304	45480906	+
GLYMA_06G267300	6	45555674	45555814	+
GLYMA_06G267300	6	45556938	45557045	+
GLYMA_06G268600	6	45722221	45722361	+
GLYMA_06G271700	6	46178589	46179306	-
GLYMA_06G272400	6	46319156	46319904	+
GLYMA_06G279000	6	47001447	47001646	-
GLYMA_06G286400	6	47482029	47482975	+
GLYMA_06G289700	6	47843689	47843818	-
GLYMA_06G292200	6	48103571	48104179	-
GLYMA_06G292500	6	48137587	48140096	-
GLYMA_06G293900	6	48272502	48272831	+
GLYMA_06G298500	6	48733950	48735117	-
GLYMA_06G307800	6	49658890	49659532	-
GLYMA_06G308500	6	49716347	49716658	-
GLYMA_06G309100	6	49772711	49773919	+
GLYMA_06G310200	6	49872149	49872677	+
GLYMA_06G311400	6	49986205	49986298	-
GLYMA_06G311800	6	50033432	50033519	-
GLYMA_06G312900	6	50145254	50145607	-
GLYMA_06G315300	6	50441588	50441739	-
GLYMA_06G317200	6	50598768	50598968	+
GLYMA_06G317800	6	50640674	50641941	-
GLYMA_06G322000	6	51043504	51044965	-
GLYMA_06G323300	6	51119754	51120080	+
GLYMA_06G324900	6	51278291	51280811	-
GLYMA_06G325300	6	51304773	51305259	+
GLYMA_07G007200	7	538177	539924	+
GLYMA_07G007300	7	542513	542615	-
GLYMA_07G011400	7	875046	875203	+
GLYMA_07G017200	7	1389701	1389828	+
GLYMA_07G019200	7	1521105	1521226	-
GLYMA_07G020300	7	1590675	1591166	-
GLYMA_07G020700	7	1617430	1618592	+
GLYMA_07G020800	7	1624029	1624178	-
GLYMA_07G020900	7	1629636	1629986	-
GLYMA_07G021100	7	1649256	1650343	+
GLYMA_07G021200	7	1652803	1653137	-
GLYMA_07G021300	7	1659875	1660014	+
GLYMA_07G022700	7	1742595	1744573	+
GLYMA_07G022800	7	1747928	1748695	-
GLYMA_07G025100	7	1968591	1968830	-
GLYMA_07G025200	7	1972891	1974684	+
GLYMA_07G031500	7	2497851	2498259	-
GLYMA_07G036200	7	2931278	2931606	-
GLYMA_07G036800	7	3022669	3022856	+
GLYMA_07G041300	7	3432016	3432083	-
GLYMA_07G041800	7	3481402	3481634	+
GLYMA_07G043600	7	3614768	3614854	+
GLYMA_07G044000	7	3658998	3659512	+
GLYMA_07G046200	7	3882018	3882272	+
GLYMA_07G047500	7	3985888	3986267	+
GLYMA_07G054600	7	4791742	4792188	+
GLYMA_07G055700	7	4911052	4911840	+
GLYMA_07G056700	7	5027102	5027848	-
GLYMA_07G058600	7	5241953	5242224	-
GLYMA_07G058800	7	5265236	5265718	+
GLYMA_07G059200	7	5292561	5292657	-
GLYMA_07G063100	7	5597931	5598590	-
GLYMA_07G064500	7	5765885	5766560	+
GLYMA_07G065400	7	5848322	5848404	-
GLYMA_07G069300	7	6263072	6263205	+
GLYMA_07G073200	7	6669157	6669250	+
GLYMA_07G075300	7	6845095	6845535	-
GLYMA_07G075700	7	6864234	6865328	+
GLYMA_07G078700	7	7176247	7176946	+
GLYMA_07G083300	7	7673637	7673852	-
GLYMA_07G085700	7	7911326	7912454	-
GLYMA_07G087500	7	8093945	8098075	+
GLYMA_07G091000	7	8518308	8521031	-
GLYMA_07G091400	7	8540410	8541016	+
GLYMA_07G092800	7	8673802	8673959	+
GLYMA_07G095000	7	8844637	8853757	+
GLYMA_07G098800	7	9332085	9332254	+
GLYMA_07G109200	7	10801075	10801449	+
GLYMA_07G109800	7	11090353	11090434	-
GLYMA_07G119300	7	13652147	13653229	-
GLYMA_07G120500	7	13874110	13875020	-
GLYMA_07G124900	7	14889556	14889766	+
GLYMA_07G126600	7	15123873	15125110	-
GLYMA_07G128700	7	15355516	15355582	-
GLYMA_07G128900	7	15367381	15368878	-
GLYMA_07G129100	7	15384894	15386052	+
GLYMA_07G133200	7	15780356	15781546	-
GLYMA_07G135300	7	16037733	16038094	-
GLYMA_07G136300	7	16139511	16140590	+
GLYMA_07G137400	7	16298083	16298794	-
GLYMA_07G145800	7	17462960	17463150	-
GLYMA_07G147700	7	17766140	17766523	+
GLYMA_07G150300	7	18056382	18056524	-
GLYMA_07G150400	7	18076872	18078653	-
GLYMA_07G157200	7	19340078	19341600	-
GLYMA_07G159800	7	20448268	20448642	-
GLYMA_07G161600	7	21160623	21160851	-
GLYMA_07G165800	7	25571895	25571981	-
GLYMA_07G167700	7	27071815	27074248	+
GLYMA_07G168900	7	28239565	28240150	-
GLYMA_07G174100	7	31258390	31259196	+
GLYMA_07G176600	7	33046588	33047802	+
GLYMA_07G181900	7	35000812	35001828	+
GLYMA_07G183700	7	35135473	35136167	-
GLYMA_07G185200	7	35292175	35294195	+
GLYMA_07G187500	7	35487250	35487360	+
GLYMA_07G188600	7	35617058	35617155	-
GLYMA_07G192400	7	35997545	36000623	-
GLYMA_07G193700	7	36233364	36233441	-
GLYMA_07G195300	7	36385715	36385857	-
GLYMA_07G195400	7	36396964	36397205	+
GLYMA_07G196300	7	36478993	36479354	+
GLYMA_07G196700	7	36500342	36502953	-
GLYMA_07G197600	7	36596779	36598298	-
GLYMA_07G199600	7	36817821	36818164	-
GLYMA_07G205000	7	37398136	37398838	+
GLYMA_07G206800	7	37608709	37609520	+
GLYMA_07G210900	7	38193902	38196439	-
GLYMA_07G212200	7	38359138	38359259	-
GLYMA_07G212600	7	38419483	38419859	-
GLYMA_07G213100	7	38536184	38536479	+
GLYMA_07G215800	7	38813203	38813430	+
GLYMA_07G218900	7	39227191	39229513	-
GLYMA_07G220000	7	39438567	39439091	+
GLYMA_07G221400	7	39674997	39679666	-
GLYMA_07G226400	7	40380752	40380877	-
GLYMA_07G226700	7	40408355	40408807	-
GLYMA_07G229500	7	40938497	40938647	-
GLYMA_07G235700	7	41726748	41727155	+
GLYMA_07G236100	7	41790334	41791909	-
GLYMA_07G236600	7	41822174	41822276	+
GLYMA_07G238200	7	41944296	41945822	-
GLYMA_07G239800	7	42060666	42060829	+
GLYMA_07G240000	7	42066695	42069042	+
GLYMA_07G243400	7	42323949	42324072	-
GLYMA_07G245700	7	42474022	42474100	+
GLYMA_07G252000	7	42949928	42950457	-
GLYMA_07G253100	7	43035455	43035564	-
GLYMA_07G253400	7	43058540	43058608	+
GLYMA_07G257200	7	43326383	43326452	+
GLYMA_07G258100	7	43408511	43408849	+
GLYMA_07G258500	7	43426434	43427011	-
GLYMA_07G265200	7	43928542	43928869	-
GLYMA_07G266200	7	43988280	43989295	+
GLYMA_07G268800	7	44199042	44199542	+
GLYMA_07G270600	7	44320099	44320249	-
GLYMA_07G272600	7	44471324	44471393	-
GLYMA_08G025500	8	2018062	2018772	-
GLYMA_08G035800	8	2833784	2833950	+
GLYMA_08G039100	8	3059659	3059820	+
GLYMA_08G046000	8	3634292	3634390	+
GLYMA_08G049200	8	3837614	3837701	-
GLYMA_08G054100	8	4179097	4179915	-
GLYMA_08G055000	8	4240056	4240157	+
GLYMA_08G056300	8	4328500	4328718	-
GLYMA_08G059200	8	4527013	4527341	+
GLYMA_08G063400	8	4869487	4869984	+
GLYMA_08G071600	8	5483455	5483888	-
GLYMA_08G072800	8	5575853	5575955	-
GLYMA_08G076800	8	5836642	5837167	+
GLYMA_08G077400	8	5879347	5881167	-
GLYMA_08G083200	8	6286341	6286423	+
GLYMA_08G089100	8	6730318	6730444	-
GLYMA_08G090600	8	6818576	6818853	+
GLYMA_08G090700	8	6826844	6827031	-
GLYMA_08G091700	8	6900712	6900858	+
GLYMA_08G094100	8	7148481	7148543	-
GLYMA_08G098700	8	7559221	7561608	-
GLYMA_08G102400	8	7861462	7861964	+
GLYMA_08G103400	8	7945952	7946078	-
GLYMA_08G103500	8	7948079	7948168	-
GLYMA_08G104900	8	8067888	8068952	-
GLYMA_08G107000	8	8230425	8230603	-
GLYMA_08G110100	8	8457973	8458277	-
GLYMA_08G111700	8	8605644	8605999	-
GLYMA_08G115500	8	8853679	8854526	+
GLYMA_08G118800	8	9178474	9179387	+
GLYMA_08G118900	8	9183236	9183613	+
GLYMA_08G120100	8	9255912	9257926	+
GLYMA_08G121200	8	9361504	9361937	+
GLYMA_08G123200	8	9479362	9480039	+
GLYMA_08G127500	8	9826305	9826549	-
GLYMA_08G128300	8	9891228	9891313	+
GLYMA_08G128900	8	9931206	9931367	+
GLYMA_08G134000	8	10282011	10283098	+
GLYMA_08G138800	8	10630326	10630580	-
GLYMA_08G139500	8	10678890	10679994	+
GLYMA_08G141500	8	10807034	10807440	-
GLYMA_08G145300	8	11042124	11042542	-
GLYMA_08G147700	8	11264600	11264827	+
GLYMA_08G148000	8	11288318	11288659	+
GLYMA_08G153100	8	11793636	11794189	-
GLYMA_08G156500	8	12103177	12103482	+
GLYMA_08G158800	8	12315374	12316625	+
GLYMA_08G159800	8	12387172	12388622	+
GLYMA_08G160500	8	12426843	12427140	-
GLYMA_08G166200	8	13128452	13128531	+
GLYMA_08G167800	8	13225682	13229392	-
GLYMA_08G168800	8	13408307	13408546	+
GLYMA_08G172100	8	13705375	13706155	+
GLYMA_08G172400	8	13725060	13725159	-
GLYMA_08G172900	8	13748799	13749022	-
GLYMA_08G179400	8	14389325	14389791	+
GLYMA_08G179800	8	14412518	14412589	+
GLYMA_08G182700	8	14653011	14653731	+
GLYMA_08G184600	8	14807210	14808109	+
GLYMA_08G184800	8	14820069	14820317	+
GLYMA_08G187800	8	15063602	15064520	-
GLYMA_08G188700	8	15131518	15131806	+
GLYMA_08G189900	8	15263259	15264666	+
GLYMA_08G193900	8	15622909	15623377	+
GLYMA_08G198000	8	15982586	15983263	+
GLYMA_08G199200	8	16087592	16088881	+
GLYMA_08G203700	8	16522007	16522722	+
GLYMA_08G204400	8	16567915	16568042	-
GLYMA_08G209900	8	16996144	16997306	-
GLYMA_08G212200	8	17126475	17127701	+
GLYMA_08G212300	8	17130742	17131043	+
GLYMA_08G214800	8	17393906	17394516	+
GLYMA_08G220000	8	17876696	17876830	-
GLYMA_08G220600	8	17929360	17929698	+
GLYMA_08G221000	8	17960197	17960346	+
GLYMA_08G222400	8	18071175	18072769	+
GLYMA_08G222900	8	18090349	18091026	+
GLYMA_08G224700	8	18212521	18212585	+
GLYMA_08G229700	8	18795451	18795715	+
GLYMA_08G229800	8	18804055	18804137	+
GLYMA_08G230700	8	18897558	18897817	+
GLYMA_08G230900	8	18926177	18926314	+
GLYMA_08G233000	8	19325791	19325949	+
GLYMA_08G237000	8	20106759	20107871	+
GLYMA_08G238000	8	20283344	20285164	-
GLYMA_08G239500	8	20447260	20447333	-
GLYMA_08G241200	8	20586127	20586468	+
GLYMA_08G242100	8	20697881	20698711	-
GLYMA_08G247500	8	21446523	21446626	-
GLYMA_08G249600	8	21768222	21768874	-
GLYMA_08G250600	8	21933539	21933629	+
GLYMA_08G250800	8	21985764	21986433	+
GLYMA_08G253200	8	22272657	22272757	-
GLYMA_08G256100	8	22784029	22784126	-
GLYMA_08G259100	8	23387075	23388301	-
GLYMA_08G262200	8	27182029	27182118	-
GLYMA_08G263500	8	28539598	28540082	+
GLYMA_08G268000	8	34242474	34243656	+
GLYMA_08G281400	8	38533236	38533335	-
GLYMA_08G285000	8	39405415	39406223	-
GLYMA_08G286000	8	39579094	39579306	-
GLYMA_08G292000	8	40601738	40601910	-
GLYMA_08G295800	8	41101494	41102121	-
GLYMA_08G298800	8	41682438	41682810	+
GLYMA_08G307400	8	42557207	42557336	-
GLYMA_08G309700	8	42898958	42899417	+
GLYMA_08G314900	8	43488167	43488535	-
GLYMA_08G315200	8	43514390	43514549	-
GLYMA_08G316400	8	43628915	43629362	-
GLYMA_08G318300	8	43767810	43768896	+
GLYMA_08G320300	8	43927362	43928056	+
GLYMA_08G320800	8	43975212	43975719	+
GLYMA_08G324800	8	44293073	44293979	+
GLYMA_08G325100	8	44307807	44309441	+
GLYMA_08G325500	8	44349195	44350528	-
GLYMA_08G336500	8	45351949	45352048	-
GLYMA_08G342400	8	45792014	45792092	+
GLYMA_08G343700	8	45887855	45888079	+
GLYMA_08G344000	8	45910344	45911056	-
GLYMA_08G345100	8	46006390	46006776	-
GLYMA_08G346400	8	46133445	46134095	-
GLYMA_08G349900	8	46400771	46402101	+
GLYMA_08G351800	8	46502252	46503765	-
GLYMA_08G356300	8	46885940	46886044	-
GLYMA_08G359800	8	47169292	47169470	+
GLYMA_08G360200	8	47211774	47211850	-
GLYMA_08G360800	8	47259119	47259212	-
GLYMA_08G362100	8	47365339	47365559	+
GLYMA_08G366600	8	47736913	47737221	+
GLYMA_09G000100	9	2631	2757	-
GLYMA_09G001100	9	88592	89303	-
GLYMA_09G001300	9	96277	96383	-
GLYMA_09G001400	9	112547	112821	+
GLYMA_09G002600	9	223816	224306	+
GLYMA_09G006300	9	474811	474913	+
GLYMA_09G010000	9	786657	787255	+
GLYMA_09G010100	9	788575	789410	+
GLYMA_09G014000	9	1049020	1049991	+
GLYMA_09G017700	9	1396446	1396523	+
GLYMA_09G017900	9	1408584	1408961	-
GLYMA_09G019800	9	1541091	1542235	+
GLYMA_09G025500	9	2079217	2079551	+
GLYMA_09G027700	9	2258818	2258884	+
GLYMA_09G031100	9	2559645	2560179	+
GLYMA_09G031500	9	2588449	2589170	-
GLYMA_09G032300	9	2728530	2729164	-
GLYMA_09G033600	9	2815112	2815218	+
GLYMA_09G034900	9	2928209	2928530	-
GLYMA_09G040000	9	3336712	3336822	-
GLYMA_09G043600	9	3719208	3719322	+
GLYMA_09G053400	9	4705566	4706178	-
GLYMA_09G053700	9	4723899	4725950	-
GLYMA_09G054300	9	4800723	4801927	-
GLYMA_09G055700	9	4967860	4968106	+
GLYMA_09G058000	9	5276987	5277303	-
GLYMA_09G060800	9	5708904	5709249	-
GLYMA_09G068200	9	6893487	6893685	+
GLYMA_09G068400	9	6918793	6921037	+
GLYMA_09G070500	9	7193595	7196642	+
GLYMA_09G072300	9	7513230	7513391	+
GLYMA_09G073300	9	7724863	7725939	+
GLYMA_09G075300	9	8169492	8169594	-
GLYMA_09G075800	9	8264227	8264438	-
GLYMA_09G077100	9	8462587	8462893	-
GLYMA_09G079400	9	8957819	8958580	-
GLYMA_09G082100	9	9653075	9654522	+
GLYMA_09G091000	9	12223879	12225566	+
GLYMA_09G093300	9	12861091	12862653	+
GLYMA_09G096300	9	14678426	14678537	+
GLYMA_09G097400	9	15546424	15547671	+
GLYMA_09G103800	9	19256676	19257128	+
GLYMA_09G107600	9	20357524	20358623	+
GLYMA_09G108100	9	20513615	20514101	+
GLYMA_09G111700	9	22109440	22111558	+
GLYMA_09G114700	9	24740531	24744287	+
GLYMA_09G116400	9	27001177	27001340	+
GLYMA_09G117100	9	27239911	27240217	+
GLYMA_09G123700	9	29997501	29997644	+
GLYMA_09G123800	9	30004151	30005294	-
GLYMA_09G128000	9	31909217	31909330	+
GLYMA_09G128100	9	31916397	31917626	-
GLYMA_09G130000	9	32451350	32451719	+
GLYMA_09G133100	9	33079809	33079882	+
GLYMA_09G138100	9	34353632	34356125	+
GLYMA_09G140400	9	34804920	34805843	+
GLYMA_09G142100	9	35371193	35372525	+
GLYMA_09G143300	9	35625910	35626053	+
GLYMA_09G146600	9	36341520	36341674	+
GLYMA_09G150500	9	37141274	37146184	-
GLYMA_09G152600	9	37507941	37508077	+
GLYMA_09G157100	9	38030384	38030959	-
GLYMA_09G158400	9	38178589	38181322	+
GLYMA_09G161400	9	38570739	38570928	+
GLYMA_09G165700	9	38956819	38956962	+
GLYMA_09G174500	9	39912063	39912828	+
GLYMA_09G174700	9	39915818	39916005	-
GLYMA_09G176900	9	40124922	40125799	-
GLYMA_09G179100	9	40388221	40388435	-
GLYMA_09G179700	9	40465672	40466003	-
GLYMA_09G179900	9	40496686	40497847	-
GLYMA_09G181400	9	40633875	40634117	-
GLYMA_09G182700	9	40810436	40811012	-
GLYMA_09G184100	9	40919606	40919692	-
GLYMA_09G186700	9	41147904	41149328	+
GLYMA_09G186900	9	41157785	41157900	+
GLYMA_09G187600	9	41213965	41214541	+
GLYMA_09G192400	9	41697871	41700762	-
GLYMA_09G192800	9	41742408	41743348	-
GLYMA_09G193700	9	41827472	41829391	-
GLYMA_09G193900	9	41843194	41843295	+
GLYMA_09G195800	9	42049548	42049628	-
GLYMA_09G196500	9	42112465	42112689	+
GLYMA_09G199500	9	42392746	42393844	-
GLYMA_09G201900	9	42605680	42606035	-
GLYMA_09G203000	9	42713497	42713615	+
GLYMA_09G213600	9	43721824	43722634	+
GLYMA_09G216300	9	43958600	43960680	-
GLYMA_09G223000	9	44355751	44358980	-
GLYMA_09G226800	9	45153855	45154096	-
GLYMA_09G227500	9	45191836	45191968	-
GLYMA_09G228900	9	45303721	45304701	+
GLYMA_09G229000	9	45308696	45309476	+
GLYMA_09G232900	9	45594500	45594578	+
GLYMA_09G234200	9	45665528	45665623	+
GLYMA_09G235600	9	45821145	45821351	-
GLYMA_09G241400	9	46371043	46371248	-
GLYMA_09G243600	9	46622215	46622514	-
GLYMA_09G244800	9	46709516	46709596	+
GLYMA_09G246200	9	46804335	46804529	-
GLYMA_09G246900	9	46845860	46845985	-
GLYMA_09G254200	9	47373975	47374760	-
GLYMA_09G258700	9	47738233	47738328	+
GLYMA_09G262200	9	47999442	48000854	+
GLYMA_09G267400	9	48525948	48526437	+
GLYMA_09G270600	9	48753846	48753956	-
GLYMA_09G272500	9	48901004	48901211	+
GLYMA_09G280100	9	49536692	49537195	-
GLYMA_U024900	KZ847135	7201	7391	-
GLYMA_U030700	KZ847140	304557	305173	+
GLYMA_U032300	KZ847142	220265	221003	-
GLYMA_U022500	KZ848200	347	912	+
